--
-- Copyright (c) 2015 - 2016 Memorial Sloan-Kettering Cancer Center.
--
-- This library is distributed in the hope that it will be useful, but WITHOUT
-- ANY WARRANTY, WITHOUT EVEN THE IMPLIED WARRANTY OF MERCHANTABILITY OR FITNESS
-- FOR A PARTICULAR PURPOSE. The software and documentation provided hereunder
-- is on an "as is" basis, and Memorial Sloan-Kettering Cancer Center has no
-- obligations to provide maintenance, support, updates, enhancements or
-- modifications. In no event shall Memorial Sloan-Kettering Cancer Center be
-- liable to any party for direct, indirect, special, incidental or
-- consequential damages, including lost profits, arising out of the use of this
-- software and its documentation, even if Memorial Sloan-Kettering Cancer
-- Center has been advised of the possibility of such damage.
--
-- This file is part of cBioPortal.
--
-- cBioPortal is free software: you can redistribute it and/or modify
-- it under the terms of the GNU Affero General Public License as
-- published by the Free Software Foundation, either version 3 of the
-- License.
--
-- This program is distributed in the hope that it will be useful,
-- but WITHOUT ANY WARRANTY; without even the implied warranty of
-- MERCHANTABILITY or FITNESS FOR A PARTICULAR PURPOSE.  See the
-- GNU Affero General Public License for more details.
--
-- You should have received a copy of the GNU Affero General Public License
-- along with this program.  If not, see <http://www.gnu.org/licenses/>.
-- ----------------------------------------------------------------------------
-- A manually extracted subset of data for a small number of genes and samples from the BRCA
-- data set. This is intended to be used during unit testing, to validate the portal APIs.
-- In theory, it should be enough to run up a portal.
--
-- Prepared by Stuart Watt -- 13th May 2015

SET SESSION sql_mode = 'ANSI_QUOTES';

DELETE FROM structural_variant;
DELETE FROM clinical_event_data;
DELETE FROM clinical_event;
DELETE FROM pdb_uniprot_residue_mapping;
DELETE FROM pdb_uniprot_alignment;
DELETE FROM cosmic_mutation;
DELETE FROM copy_number_seg_file;
DELETE FROM copy_number_seg;
DELETE FROM sample_cna_event;
DELETE FROM cna_event;
DELETE FROM drug_interaction;
DELETE FROM drug;
DELETE FROM pfam_graphics;
DELETE FROM text_cache;
DELETE FROM gistic_to_gene;
DELETE FROM gistic;
DELETE FROM sanger_cancer_census;
DELETE FROM protein_array_cancer_study;
DELETE FROM protein_array_data;
DELETE FROM protein_array_target;
DELETE FROM protein_array_info;
DELETE FROM mut_sig;
DELETE FROM interaction;
DELETE FROM clinical_attribute_meta;
DELETE FROM mutation;
DELETE FROM mutation_event;
DELETE FROM sample_profile;
DELETE FROM gene_panel;
DELETE FROM gene_panel_list;
DELETE FROM genetic_profile_samples;
DELETE FROM genetic_alteration;
DELETE FROM genetic_profile;
DELETE FROM uniprot_id_mapping;
DELETE FROM gene_alias;
DELETE FROM gene;
DELETE FROM clinical_sample;
DELETE FROM sample;
DELETE FROM sample_list_list;
DELETE FROM sample_list;
DELETE FROM clinical_patient;
DELETE FROM patient;
DELETE FROM authorities;
DELETE FROM users;
DELETE FROM cancer_study;
DELETE FROM type_of_cancer;
DELETE FROM genetic_entity;

-- type_of_cancer
INSERT INTO "type_of_cancer" ("TYPE_OF_CANCER_ID","NAME","CLINICAL_TRIAL_KEYWORDS","DEDICATED_COLOR","SHORT_NAME","PARENT") VALUES ('acc','Adrenocortical Carcinoma','adrenocortical','Purple','ACC','tissue');
INSERT INTO "type_of_cancer" ("TYPE_OF_CANCER_ID","NAME","CLINICAL_TRIAL_KEYWORDS","DEDICATED_COLOR","SHORT_NAME","PARENT") VALUES ('acbc','Adenoid Cystic Breast Cancer','adenoid cystic breast cancer','HotPink','ACBC','tissue');
INSERT INTO "type_of_cancer" ("TYPE_OF_CANCER_ID","NAME","CLINICAL_TRIAL_KEYWORDS","DEDICATED_COLOR","SHORT_NAME","PARENT") VALUES ('acyc','Adenoid Cystic Carcinoma','adenoid cyctic','DarkRed','ACyC','tissue');
INSERT INTO "type_of_cancer" ("TYPE_OF_CANCER_ID","NAME","CLINICAL_TRIAL_KEYWORDS","DEDICATED_COLOR","SHORT_NAME","PARENT") VALUES ('aeca','Sweat Gland Carcinoma (Apocrine Eccrine Carcinoma)','sweat gland carcinoma, apocrine eccrine carcinoma','Black','AECA','tissue');
INSERT INTO "type_of_cancer" ("TYPE_OF_CANCER_ID","NAME","CLINICAL_TRIAL_KEYWORDS","DEDICATED_COLOR","SHORT_NAME","PARENT") VALUES ('afx','Atypical Fibroxanthoma','atypical fibroxanthoma','Black','AFX','tissue');
INSERT INTO "type_of_cancer" ("TYPE_OF_CANCER_ID","NAME","CLINICAL_TRIAL_KEYWORDS","DEDICATED_COLOR","SHORT_NAME","PARENT") VALUES ('all','Pediatric Acute Lymphoid Leukemia','pediatric,lymphoid leukemia','LightSalmon','ALL','tissue');
INSERT INTO "type_of_cancer" ("TYPE_OF_CANCER_ID","NAME","CLINICAL_TRIAL_KEYWORDS","DEDICATED_COLOR","SHORT_NAME","PARENT") VALUES ('aml','Acute Monocytic Leukemia','monocytic leukemia','LightSalmon','AML-M5','tissue');
INSERT INTO "type_of_cancer" ("TYPE_OF_CANCER_ID","NAME","CLINICAL_TRIAL_KEYWORDS","DEDICATED_COLOR","SHORT_NAME","PARENT") VALUES ('blad','Bladder Urothelial Adenocarcinoma','bladder adenocarcinoma','Yellow','Bladder','tissue');
INSERT INTO "type_of_cancer" ("TYPE_OF_CANCER_ID","NAME","CLINICAL_TRIAL_KEYWORDS","DEDICATED_COLOR","SHORT_NAME","PARENT") VALUES ('blca','Bladder Urothelial Carcinoma','bladder urothelial','Yellow','Bladder','tissue');
INSERT INTO "type_of_cancer" ("TYPE_OF_CANCER_ID","NAME","CLINICAL_TRIAL_KEYWORDS","DEDICATED_COLOR","SHORT_NAME","PARENT") VALUES ('bpdcn','Blastic Plasmacytoid Dendritic Cell Neoplasm','blastic plasmacytoid dendritic cell neoplasm','LightSalmon','BPDCN','tissue');
INSERT INTO "type_of_cancer" ("TYPE_OF_CANCER_ID","NAME","CLINICAL_TRIAL_KEYWORDS","DEDICATED_COLOR","SHORT_NAME","PARENT") VALUES ('brca','Breast Invasive Carcinoma','breast,breast invasive','HotPink','Breast','tissue');

-- reference_genome
INSERT INTO `reference_genome` VALUES (1, 'human', 'hg19', 'GRCh37', 2897310462, 'http://hgdownload.cse.ucsc.edu/goldenPath/hg19/bigZips', '2009-02-01');
INSERT INTO `reference_genome` VALUES (2, 'human', 'hg38', 'GRCh38', 3049315783, 'http://hgdownload.cse.ucsc.edu/goldenPath/hg38/bigZips', '2013-12-01');

-- cancer_study
INSERT INTO "cancer_study" ("CANCER_STUDY_ID", "CANCER_STUDY_IDENTIFIER", "TYPE_OF_CANCER_ID", "NAME", "SHORT_NAME", "DESCRIPTION", "PUBLIC", "PMID", "CITATION", "GROUPS","REFERENCE_GENOME_ID") 
VALUES (1,'study_tcga_pub','brca','Breast Invasive Carcinoma (TCGA, Nature 2012)','BRCA (TCGA)','<a href=\"http://cancergenome.nih.gov/\">The Cancer Genome Atlas (TCGA)</a> Breast Invasive Carcinoma project. 825 cases.<br><i>Nature 2012.</i> <a href=\"http://tcga-data.nci.nih.gov/tcga/\">Raw data via the TCGA Data Portal</a>.',1,'23000897,26451490','TCGA, Nature 2012, ...','SU2C-PI3K;PUBLIC;GDAC',1);

-- gene as genetic_entity
INSERT INTO "genetic_entity" ("ENTITY_TYPE") VALUES ('GENE');
SET @max_entity_id = (Select MAX(ID) from genetic_entity);
INSERT INTO "gene" ("GENETIC_ENTITY_ID","ENTREZ_GENE_ID","HUGO_GENE_SYMBOL","TYPE") VALUES (@max_entity_id, 207,'AKT1','protein-coding');
INSERT INTO "genetic_entity" ("ENTITY_TYPE") VALUES ('GENE');
SET @max_entity_id = (Select MAX(ID) from genetic_entity);
INSERT INTO "gene" ("GENETIC_ENTITY_ID","ENTREZ_GENE_ID","HUGO_GENE_SYMBOL","TYPE") VALUES (@max_entity_id,208,'AKT2','protein-coding');
INSERT INTO "genetic_entity" ("ENTITY_TYPE") VALUES ('GENE');
SET @max_entity_id = (Select MAX(ID) from genetic_entity);
INSERT INTO "gene" ("GENETIC_ENTITY_ID","ENTREZ_GENE_ID","HUGO_GENE_SYMBOL","TYPE") VALUES (@max_entity_id,10000,'AKT3','protein-coding');
INSERT INTO "genetic_entity" ("ENTITY_TYPE") VALUES ('GENE');
SET @max_entity_id = (Select MAX(ID) from genetic_entity);
INSERT INTO "gene" ("GENETIC_ENTITY_ID","ENTREZ_GENE_ID","HUGO_GENE_SYMBOL","TYPE") VALUES (@max_entity_id,369,'ARAF','protein-coding');
INSERT INTO "genetic_entity" ("ENTITY_TYPE") VALUES ('GENE');
SET @max_entity_id = (Select MAX(ID) from genetic_entity);
INSERT INTO "gene" ("GENETIC_ENTITY_ID","ENTREZ_GENE_ID","HUGO_GENE_SYMBOL","TYPE") VALUES (@max_entity_id,472,'ATM','protein-coding');
INSERT INTO "genetic_entity" ("ENTITY_TYPE") VALUES ('GENE');
SET @max_entity_id = (Select MAX(ID) from genetic_entity);
INSERT INTO "gene" ("GENETIC_ENTITY_ID","ENTREZ_GENE_ID","HUGO_GENE_SYMBOL","TYPE") VALUES (@max_entity_id,673,'BRAF','protein-coding');
INSERT INTO "genetic_entity" ("ENTITY_TYPE") VALUES ('GENE');
SET @max_entity_id = (Select MAX(ID) from genetic_entity);
INSERT INTO "gene" ("GENETIC_ENTITY_ID","ENTREZ_GENE_ID","HUGO_GENE_SYMBOL","TYPE") VALUES (@max_entity_id,672,'BRCA1','protein-coding');
INSERT INTO "genetic_entity" ("ENTITY_TYPE") VALUES ('GENE');
SET @max_entity_id = (Select MAX(ID) from genetic_entity);
INSERT INTO "gene" ("GENETIC_ENTITY_ID","ENTREZ_GENE_ID","HUGO_GENE_SYMBOL","TYPE") VALUES (@max_entity_id,675,'BRCA2','protein-coding');
INSERT INTO "genetic_entity" ("ENTITY_TYPE") VALUES ('GENE');
SET @max_entity_id = (Select MAX(ID) from genetic_entity);
INSERT INTO "gene" ("GENETIC_ENTITY_ID","ENTREZ_GENE_ID","HUGO_GENE_SYMBOL","TYPE") VALUES (@max_entity_id,3265,'HRAS','protein-coding');
INSERT INTO "genetic_entity" ("ENTITY_TYPE") VALUES ('GENE');
SET @max_entity_id = (Select MAX(ID) from genetic_entity);
INSERT INTO "gene" ("GENETIC_ENTITY_ID","ENTREZ_GENE_ID","HUGO_GENE_SYMBOL","TYPE") VALUES (@max_entity_id,3845,'KRAS','protein-coding');
INSERT INTO "genetic_entity" ("ENTITY_TYPE") VALUES ('GENE');
SET @max_entity_id = (Select MAX(ID) from genetic_entity);
INSERT INTO "gene" ("GENETIC_ENTITY_ID","ENTREZ_GENE_ID","HUGO_GENE_SYMBOL","TYPE") VALUES (@max_entity_id,4893,'NRAS','protein-coding');
INSERT INTO "genetic_entity" ("ENTITY_TYPE") VALUES ('GENE');
SET @max_entity_id = (Select MAX(ID) from genetic_entity);
INSERT INTO "gene" ("GENETIC_ENTITY_ID","ENTREZ_GENE_ID","HUGO_GENE_SYMBOL","TYPE") VALUES (@max_entity_id,51259,'TMEM216','protein-coding');
INSERT INTO "genetic_entity" ("ENTITY_TYPE") VALUES ('GENE');
SET @max_entity_id = (Select MAX(ID) from genetic_entity);
INSERT INTO "gene" ("GENETIC_ENTITY_ID","ENTREZ_GENE_ID","HUGO_GENE_SYMBOL","TYPE") VALUES (@max_entity_id,282770,'OR10AG1','protein-coding');
INSERT INTO "genetic_entity" ("ENTITY_TYPE") VALUES ('GENE');
SET @max_entity_id = (Select MAX(ID) from genetic_entity);
INSERT INTO "gene" ("GENETIC_ENTITY_ID","ENTREZ_GENE_ID","HUGO_GENE_SYMBOL","TYPE") VALUES (@max_entity_id,983,'CDK1','protein-coding');
INSERT INTO "genetic_entity" ("ENTITY_TYPE") VALUES ('GENE');
SET @max_entity_id = (Select MAX(ID) from genetic_entity);
INSERT INTO "gene" ("GENETIC_ENTITY_ID","ENTREZ_GENE_ID","HUGO_GENE_SYMBOL","TYPE") VALUES (@max_entity_id,8085,'KMT2D','protein-coding');
INSERT INTO "genetic_entity" ("ENTITY_TYPE") VALUES ('GENE');
-- add genes for structural variant events
SET @max_entity_id = (Select MAX(ID) from genetic_entity);
INSERT INTO "gene" ("GENETIC_ENTITY_ID","ENTREZ_GENE_ID","HUGO_GENE_SYMBOL","TYPE") VALUES (@max_entity_id,57670,'KIAA1549','protein-coding');
INSERT INTO "genetic_entity" ("ENTITY_TYPE") VALUES ('GENE');
SET @max_entity_id = (Select MAX(ID) from genetic_entity);
INSERT INTO "gene" ("GENETIC_ENTITY_ID","ENTREZ_GENE_ID","HUGO_GENE_SYMBOL","TYPE") VALUES (@max_entity_id,27436,'EML4','protein-coding');
INSERT INTO "genetic_entity" ("ENTITY_TYPE") VALUES ('GENE');
SET @max_entity_id = (Select MAX(ID) from genetic_entity);
INSERT INTO "gene" ("GENETIC_ENTITY_ID","ENTREZ_GENE_ID","HUGO_GENE_SYMBOL","TYPE") VALUES (@max_entity_id,238,'ALK','protein-coding');
INSERT INTO "genetic_entity" ("ENTITY_TYPE") VALUES ('GENE');
SET @max_entity_id = (Select MAX(ID) from genetic_entity);
INSERT INTO "gene" ("GENETIC_ENTITY_ID","ENTREZ_GENE_ID","HUGO_GENE_SYMBOL","TYPE") VALUES (@max_entity_id,2115,'ETV1','protein-coding');
INSERT INTO "genetic_entity" ("ENTITY_TYPE") VALUES ('GENE');
SET @max_entity_id = (Select MAX(ID) from genetic_entity);
INSERT INTO "gene" ("GENETIC_ENTITY_ID","ENTREZ_GENE_ID","HUGO_GENE_SYMBOL","TYPE") VALUES (@max_entity_id,7273,'TTN','protein-coding');

-- for test panels 1 and 2
INSERT INTO "genetic_entity" ("ENTITY_TYPE") VALUES ('GENE');
SET @max_entity_id = (Select MAX(ID) from genetic_entity);
INSERT INTO "gene" ("GENETIC_ENTITY_ID","ENTREZ_GENE_ID","HUGO_GENE_SYMBOL","TYPE") VALUES (@max_entity_id, 3983,'ABLIM1','protein-coding');
INSERT INTO "genetic_entity" ("ENTITY_TYPE") VALUES ('GENE');
SET @max_entity_id = (Select MAX(ID) from genetic_entity);
INSERT INTO "gene" ("GENETIC_ENTITY_ID","ENTREZ_GENE_ID","HUGO_GENE_SYMBOL","TYPE") VALUES (@max_entity_id, 80070,'ADAMTS20','protein-coding');
INSERT INTO "genetic_entity" ("ENTITY_TYPE") VALUES ('GENE');
SET @max_entity_id = (Select MAX(ID) from genetic_entity);
INSERT INTO "gene" ("GENETIC_ENTITY_ID","ENTREZ_GENE_ID","HUGO_GENE_SYMBOL","TYPE") VALUES (@max_entity_id, 253559,'CADM2','protein-coding');
INSERT INTO "genetic_entity" ("ENTITY_TYPE") VALUES ('GENE');
SET @max_entity_id = (Select MAX(ID) from genetic_entity);
INSERT INTO "gene" ("GENETIC_ENTITY_ID","ENTREZ_GENE_ID","HUGO_GENE_SYMBOL","TYPE") VALUES (@max_entity_id, 1838,'DTNB','protein-coding');
INSERT INTO "genetic_entity" ("ENTITY_TYPE") VALUES ('GENE');
SET @max_entity_id = (Select MAX(ID) from genetic_entity);
INSERT INTO "gene" ("GENETIC_ENTITY_ID","ENTREZ_GENE_ID","HUGO_GENE_SYMBOL","TYPE") VALUES (@max_entity_id, 2648,'KAT2A','protein-coding');
INSERT INTO "genetic_entity" ("ENTITY_TYPE") VALUES ('GENE');
SET @max_entity_id = (Select MAX(ID) from genetic_entity);
INSERT INTO "gene" ("GENETIC_ENTITY_ID","ENTREZ_GENE_ID","HUGO_GENE_SYMBOL","TYPE") VALUES (@max_entity_id, 4437,'MSH3','protein-coding');
INSERT INTO "genetic_entity" ("ENTITY_TYPE") VALUES ('GENE');
SET @max_entity_id = (Select MAX(ID) from genetic_entity);
INSERT INTO "gene" ("GENETIC_ENTITY_ID","ENTREZ_GENE_ID","HUGO_GENE_SYMBOL","TYPE") VALUES (@max_entity_id, 4602,'MYB','protein-coding');
INSERT INTO "genetic_entity" ("ENTITY_TYPE") VALUES ('GENE');
SET @max_entity_id = (Select MAX(ID) from genetic_entity);
INSERT INTO "gene" ("GENETIC_ENTITY_ID","ENTREZ_GENE_ID","HUGO_GENE_SYMBOL","TYPE") VALUES (@max_entity_id, 440348,'NPIPB15','protein-coding');
INSERT INTO "genetic_entity" ("ENTITY_TYPE") VALUES ('GENE');
SET @max_entity_id = (Select MAX(ID) from genetic_entity);
INSERT INTO "gene" ("GENETIC_ENTITY_ID","ENTREZ_GENE_ID","HUGO_GENE_SYMBOL","TYPE") VALUES (@max_entity_id, 56914,'OTOR','protein-coding');
INSERT INTO "genetic_entity" ("ENTITY_TYPE") VALUES ('GENE');
SET @max_entity_id = (Select MAX(ID) from genetic_entity);
INSERT INTO "gene" ("GENETIC_ENTITY_ID","ENTREZ_GENE_ID","HUGO_GENE_SYMBOL","TYPE") VALUES (@max_entity_id, 27334,'P2RY10','protein-coding');
INSERT INTO "genetic_entity" ("ENTITY_TYPE") VALUES ('GENE');
SET @max_entity_id = (Select MAX(ID) from genetic_entity);
INSERT INTO "gene" ("GENETIC_ENTITY_ID","ENTREZ_GENE_ID","HUGO_GENE_SYMBOL","TYPE") VALUES (@max_entity_id, 9780,'PIEZO1','protein-coding');
INSERT INTO "genetic_entity" ("ENTITY_TYPE") VALUES ('GENE');
SET @max_entity_id = (Select MAX(ID) from genetic_entity);
INSERT INTO "gene" ("GENETIC_ENTITY_ID","ENTREZ_GENE_ID","HUGO_GENE_SYMBOL","TYPE") VALUES (@max_entity_id, 2261,'FGFR3','protein-coding');

-- cna_event
INSERT INTO "cna_event" ("CNA_EVENT_ID","ENTREZ_GENE_ID","ALTERATION") VALUES (20093,207,-2);
INSERT INTO "cna_event" ("CNA_EVENT_ID","ENTREZ_GENE_ID","ALTERATION") VALUES (20092,207,2);
INSERT INTO "cna_event" ("CNA_EVENT_ID","ENTREZ_GENE_ID","ALTERATION") VALUES (26161,208,2);
INSERT INTO "cna_event" ("CNA_EVENT_ID","ENTREZ_GENE_ID","ALTERATION") VALUES (2774,10000,2);
INSERT INTO "cna_event" ("CNA_EVENT_ID","ENTREZ_GENE_ID","ALTERATION") VALUES (16668,472,-2);
INSERT INTO "cna_event" ("CNA_EVENT_ID","ENTREZ_GENE_ID","ALTERATION") VALUES (16669,472,2);
INSERT INTO "cna_event" ("CNA_EVENT_ID","ENTREZ_GENE_ID","ALTERATION") VALUES (11284,673,-2);
INSERT INTO "cna_event" ("CNA_EVENT_ID","ENTREZ_GENE_ID","ALTERATION") VALUES (11283,673,2);
INSERT INTO "cna_event" ("CNA_EVENT_ID","ENTREZ_GENE_ID","ALTERATION") VALUES (23934,672,-2);
INSERT INTO "cna_event" ("CNA_EVENT_ID","ENTREZ_GENE_ID","ALTERATION") VALUES (23933,672,2);
INSERT INTO "cna_event" ("CNA_EVENT_ID","ENTREZ_GENE_ID","ALTERATION") VALUES (18460,675,-2);
INSERT INTO "cna_event" ("CNA_EVENT_ID","ENTREZ_GENE_ID","ALTERATION") VALUES (18459,675,2);
INSERT INTO "cna_event" ("CNA_EVENT_ID","ENTREZ_GENE_ID","ALTERATION") VALUES (15117,3265,-2);
INSERT INTO "cna_event" ("CNA_EVENT_ID","ENTREZ_GENE_ID","ALTERATION") VALUES (15118,3265,2);
INSERT INTO "cna_event" ("CNA_EVENT_ID","ENTREZ_GENE_ID","ALTERATION") VALUES (17280,3845,2);
INSERT INTO "cna_event" ("CNA_EVENT_ID","ENTREZ_GENE_ID","ALTERATION") VALUES (1678,4893,-2);
INSERT INTO "cna_event" ("CNA_EVENT_ID","ENTREZ_GENE_ID","ALTERATION") VALUES (1677,4893,2);

-- cosmic_mutation
INSERT INTO "cosmic_mutation" ("COSMIC_MUTATION_ID","CHR","START_POSITION","REFERENCE_ALLELE","TUMOR_SEQ_ALLELE","STRAND","CODON_CHANGE","ENTREZ_GENE_ID","PROTEIN_CHANGE","COUNT","KEYWORD") VALUES ('78883','17',41197784,'G','A','-','c.5503C>T',672,'R1835*',2,'BRCA1 truncating');
INSERT INTO "cosmic_mutation" ("COSMIC_MUTATION_ID","CHR","START_POSITION","REFERENCE_ALLELE","TUMOR_SEQ_ALLELE","STRAND","CODON_CHANGE","ENTREZ_GENE_ID","PROTEIN_CHANGE","COUNT","KEYWORD") VALUES ('23923','17',41199686,'GC','G','-','c.5440delG',672,'A1814fs*20',1,'BRCA1 truncating');
INSERT INTO "cosmic_mutation" ("COSMIC_MUTATION_ID","CHR","START_POSITION","REFERENCE_ALLELE","TUMOR_SEQ_ALLELE","STRAND","CODON_CHANGE","ENTREZ_GENE_ID","PROTEIN_CHANGE","COUNT","KEYWORD") VALUES ('24529','17',41201160,'A','AA','-','c.5383_5384insT',672,'S1796fs*34',1,'BRCA1 truncating');
INSERT INTO "cosmic_mutation" ("COSMIC_MUTATION_ID","CHR","START_POSITION","REFERENCE_ALLELE","TUMOR_SEQ_ALLELE","STRAND","CODON_CHANGE","ENTREZ_GENE_ID","PROTEIN_CHANGE","COUNT","KEYWORD") VALUES ('1577248','17',41201164,'C','A','-','c.5380G>T',672,'E1794*',2,'BRCA1 truncating');
INSERT INTO "cosmic_mutation" ("COSMIC_MUTATION_ID","CHR","START_POSITION","REFERENCE_ALLELE","TUMOR_SEQ_ALLELE","STRAND","CODON_CHANGE","ENTREZ_GENE_ID","PROTEIN_CHANGE","COUNT","KEYWORD") VALUES ('35891','17',41209082,'G','GG','-','c.5263_5264insC',672,'Q1756fs*74',1,'BRCA1 truncating');
INSERT INTO "cosmic_mutation" ("COSMIC_MUTATION_ID","CHR","START_POSITION","REFERENCE_ALLELE","TUMOR_SEQ_ALLELE","STRAND","CODON_CHANGE","ENTREZ_GENE_ID","PROTEIN_CHANGE","COUNT","KEYWORD") VALUES ('51256','17',41209095,'G','A','-','c.5251C>T',672,'R1751*',1,'BRCA1 truncating');
INSERT INTO "cosmic_mutation" ("COSMIC_MUTATION_ID","CHR","START_POSITION","REFERENCE_ALLELE","TUMOR_SEQ_ALLELE","STRAND","CODON_CHANGE","ENTREZ_GENE_ID","PROTEIN_CHANGE","COUNT","KEYWORD") VALUES ('24528','17',41215370,'C','A','-','c.5173G>T',672,'E1725*',1,'BRCA1 truncating');
INSERT INTO "cosmic_mutation" ("COSMIC_MUTATION_ID","CHR","START_POSITION","REFERENCE_ALLELE","TUMOR_SEQ_ALLELE","STRAND","CODON_CHANGE","ENTREZ_GENE_ID","PROTEIN_CHANGE","COUNT","KEYWORD") VALUES ('68967','17',41215913,'TC','T','-','c.5129delG',672,'G1710fs*4',1,'BRCA1 truncating');
INSERT INTO "cosmic_mutation" ("COSMIC_MUTATION_ID","CHR","START_POSITION","REFERENCE_ALLELE","TUMOR_SEQ_ALLELE","STRAND","CODON_CHANGE","ENTREZ_GENE_ID","PROTEIN_CHANGE","COUNT","KEYWORD") VALUES ('95581','17',41223001,'C','A','-','c.4930G>T',672,'E1644*',1,'BRCA1 truncating');
INSERT INTO "cosmic_mutation" ("COSMIC_MUTATION_ID","CHR","START_POSITION","REFERENCE_ALLELE","TUMOR_SEQ_ALLELE","STRAND","CODON_CHANGE","ENTREZ_GENE_ID","PROTEIN_CHANGE","COUNT","KEYWORD") VALUES ('219051','17',41223106,'C','A','-','c.4825G>T',672,'E1609*',1,'BRCA1 truncating');
INSERT INTO "cosmic_mutation" ("COSMIC_MUTATION_ID","CHR","START_POSITION","REFERENCE_ALLELE","TUMOR_SEQ_ALLELE","STRAND","CODON_CHANGE","ENTREZ_GENE_ID","PROTEIN_CHANGE","COUNT","KEYWORD") VALUES ('78884','17',41226411,'G','A','-','c.4612C>T',672,'Q1538*',1,'BRCA1 truncating');
INSERT INTO "cosmic_mutation" ("COSMIC_MUTATION_ID","CHR","START_POSITION","REFERENCE_ALLELE","TUMOR_SEQ_ALLELE","STRAND","CODON_CHANGE","ENTREZ_GENE_ID","PROTEIN_CHANGE","COUNT","KEYWORD") VALUES ('187264','17',41226515,'G','T','-','c.4508C>A',672,'S1503*',1,'BRCA1 truncating');
INSERT INTO "cosmic_mutation" ("COSMIC_MUTATION_ID","CHR","START_POSITION","REFERENCE_ALLELE","TUMOR_SEQ_ALLELE","STRAND","CODON_CHANGE","ENTREZ_GENE_ID","PROTEIN_CHANGE","COUNT","KEYWORD") VALUES ('3983467','17',41228590,'G','A','-','c.4399C>T',672,'Q1467*',1,'BRCA1 truncating');
INSERT INTO "cosmic_mutation" ("COSMIC_MUTATION_ID","CHR","START_POSITION","REFERENCE_ALLELE","TUMOR_SEQ_ALLELE","STRAND","CODON_CHANGE","ENTREZ_GENE_ID","PROTEIN_CHANGE","COUNT","KEYWORD") VALUES ('979730','17',41234451,'G','A','-','c.4327C>T',672,'R1443*',1,'BRCA1 truncating');
INSERT INTO "cosmic_mutation" ("COSMIC_MUTATION_ID","CHR","START_POSITION","REFERENCE_ALLELE","TUMOR_SEQ_ALLELE","STRAND","CODON_CHANGE","ENTREZ_GENE_ID","PROTEIN_CHANGE","COUNT","KEYWORD") VALUES ('23959','17',41243685,'TC','T','-','c.3862delG',672,'E1288fs*19',1,'BRCA1 truncating');
INSERT INTO "cosmic_mutation" ("COSMIC_MUTATION_ID","CHR","START_POSITION","REFERENCE_ALLELE","TUMOR_SEQ_ALLELE","STRAND","CODON_CHANGE","ENTREZ_GENE_ID","PROTEIN_CHANGE","COUNT","KEYWORD") VALUES ('1302865','17',41243707,'G','A','-','c.3841C>T',672,'Q1281*',1,'BRCA1 truncating');
INSERT INTO "cosmic_mutation" ("COSMIC_MUTATION_ID","CHR","START_POSITION","REFERENCE_ALLELE","TUMOR_SEQ_ALLELE","STRAND","CODON_CHANGE","ENTREZ_GENE_ID","PROTEIN_CHANGE","COUNT","KEYWORD") VALUES ('1577247','17',41243721,'A','T','-','c.3827T>A',672,'L1276*',1,'BRCA1 truncating');
INSERT INTO "cosmic_mutation" ("COSMIC_MUTATION_ID","CHR","START_POSITION","REFERENCE_ALLELE","TUMOR_SEQ_ALLELE","STRAND","CODON_CHANGE","ENTREZ_GENE_ID","PROTEIN_CHANGE","COUNT","KEYWORD") VALUES ('69203','17',41243753,'A','ATT','-','c.3794_3795insAA',672,'N1265fs*4',1,'BRCA1 truncating');
INSERT INTO "cosmic_mutation" ("COSMIC_MUTATION_ID","CHR","START_POSITION","REFERENCE_ALLELE","TUMOR_SEQ_ALLELE","STRAND","CODON_CHANGE","ENTREZ_GENE_ID","PROTEIN_CHANGE","COUNT","KEYWORD") VALUES ('1577246','17',41243781,'GTGTTC','G','-','c.3762_3766delGAACA',672,'K1254fs*11',1,'BRCA1 truncating');
INSERT INTO "cosmic_mutation" ("COSMIC_MUTATION_ID","CHR","START_POSITION","REFERENCE_ALLELE","TUMOR_SEQ_ALLELE","STRAND","CODON_CHANGE","ENTREZ_GENE_ID","PROTEIN_CHANGE","COUNT","KEYWORD") VALUES ('112117','17',41243899,'A','ATAAGTTCT','-','c.3648_3649insAGAACTTA',672,'S1217fs*21',1,'BRCA1 truncating');
INSERT INTO "cosmic_mutation" ("COSMIC_MUTATION_ID","CHR","START_POSITION","REFERENCE_ALLELE","TUMOR_SEQ_ALLELE","STRAND","CODON_CHANGE","ENTREZ_GENE_ID","PROTEIN_CHANGE","COUNT","KEYWORD") VALUES ('1325059','17',41243984,'CCT','C','-','c.3562_3563delAG',672,'R1188fs*3',1,'BRCA1 truncating');
INSERT INTO "cosmic_mutation" ("COSMIC_MUTATION_ID","CHR","START_POSITION","REFERENCE_ALLELE","TUMOR_SEQ_ALLELE","STRAND","CODON_CHANGE","ENTREZ_GENE_ID","PROTEIN_CHANGE","COUNT","KEYWORD") VALUES ('23931','17',41243998,'CTT','C','-','c.3548_3549delAA',672,'K1183fs*4',1,'BRCA1 truncating');
INSERT INTO "cosmic_mutation" ("COSMIC_MUTATION_ID","CHR","START_POSITION","REFERENCE_ALLELE","TUMOR_SEQ_ALLELE","STRAND","CODON_CHANGE","ENTREZ_GENE_ID","PROTEIN_CHANGE","COUNT","KEYWORD") VALUES ('1666857','17',41244021,'AC','A','-','c.3526_3526delG',672,'V1176fs*34',1,'BRCA1 truncating');
INSERT INTO "cosmic_mutation" ("COSMIC_MUTATION_ID","CHR","START_POSITION","REFERENCE_ALLELE","TUMOR_SEQ_ALLELE","STRAND","CODON_CHANGE","ENTREZ_GENE_ID","PROTEIN_CHANGE","COUNT","KEYWORD") VALUES ('706227','17',41244070,'T','A','-','c.3478A>T',672,'K1160*',1,'BRCA1 truncating');
INSERT INTO "cosmic_mutation" ("COSMIC_MUTATION_ID","CHR","START_POSITION","REFERENCE_ALLELE","TUMOR_SEQ_ALLELE","STRAND","CODON_CHANGE","ENTREZ_GENE_ID","PROTEIN_CHANGE","COUNT","KEYWORD") VALUES ('1325058','17',41244082,'C','CATCTAACA','-','c.3465_3466insTGTTAGAT',672,'D1156fs*2',1,'BRCA1 truncating');

-- gene_alias
INSERT INTO "gene_alias" ("ENTREZ_GENE_ID","GENE_ALIAS") VALUES (207,'AKT');
INSERT INTO "gene_alias" ("ENTREZ_GENE_ID","GENE_ALIAS") VALUES (207,'CWS6');
INSERT INTO "gene_alias" ("ENTREZ_GENE_ID","GENE_ALIAS") VALUES (208,'HIHGHH');
INSERT INTO "gene_alias" ("ENTREZ_GENE_ID","GENE_ALIAS") VALUES (208,'PKBB');
INSERT INTO "gene_alias" ("ENTREZ_GENE_ID","GENE_ALIAS") VALUES (10000,'MPPH');
INSERT INTO "gene_alias" ("ENTREZ_GENE_ID","GENE_ALIAS") VALUES (10000,'MPPH2');
INSERT INTO "gene_alias" ("ENTREZ_GENE_ID","GENE_ALIAS") VALUES (369,'A-RAF');
INSERT INTO "gene_alias" ("ENTREZ_GENE_ID","GENE_ALIAS") VALUES (369,'ARAF1');
INSERT INTO "gene_alias" ("ENTREZ_GENE_ID","GENE_ALIAS") VALUES (472,'AT1');
INSERT INTO "gene_alias" ("ENTREZ_GENE_ID","GENE_ALIAS") VALUES (472,'ATA');
INSERT INTO "gene_alias" ("ENTREZ_GENE_ID","GENE_ALIAS") VALUES (673,'B-RAF1');
INSERT INTO "gene_alias" ("ENTREZ_GENE_ID","GENE_ALIAS") VALUES (673,'BRAF1');
INSERT INTO "gene_alias" ("ENTREZ_GENE_ID","GENE_ALIAS") VALUES (672,'BRCAI');
INSERT INTO "gene_alias" ("ENTREZ_GENE_ID","GENE_ALIAS") VALUES (672,'BRCC1');
INSERT INTO "gene_alias" ("ENTREZ_GENE_ID","GENE_ALIAS") VALUES (675,'BRCC2');
INSERT INTO "gene_alias" ("ENTREZ_GENE_ID","GENE_ALIAS") VALUES (675,'BROVCA2');
INSERT INTO "gene_alias" ("ENTREZ_GENE_ID","GENE_ALIAS") VALUES (675,'FACD');
INSERT INTO "gene_alias" ("ENTREZ_GENE_ID","GENE_ALIAS") VALUES (3265,'C-BAS/HAS');
INSERT INTO "gene_alias" ("ENTREZ_GENE_ID","GENE_ALIAS") VALUES (3265,'C-H-RAS');
INSERT INTO "gene_alias" ("ENTREZ_GENE_ID","GENE_ALIAS") VALUES (3845,'C-K-RAS');
INSERT INTO "gene_alias" ("ENTREZ_GENE_ID","GENE_ALIAS") VALUES (3845,'KRAS1');
INSERT INTO "gene_alias" ("ENTREZ_GENE_ID","GENE_ALIAS") VALUES (3845,'KRAS2');
INSERT INTO "gene_alias" ("ENTREZ_GENE_ID","GENE_ALIAS") VALUES (4893,'N-ras');
INSERT INTO "gene_alias" ("ENTREZ_GENE_ID","GENE_ALIAS") VALUES (4893,'NCMS');

-- for test panels 1 and 2
INSERT INTO "gene_alias" ("ENTREZ_GENE_ID","GENE_ALIAS") VALUES (56914,'FDP');
INSERT INTO "gene_alias" ("ENTREZ_GENE_ID","GENE_ALIAS") VALUES (56914,'MIAL1');
INSERT INTO "gene_alias" ("ENTREZ_GENE_ID","GENE_ALIAS") VALUES (253559,'IGSF4D');
INSERT INTO "gene_alias" ("ENTREZ_GENE_ID","GENE_ALIAS") VALUES (253559,'Necl-3');
INSERT INTO "gene_alias" ("ENTREZ_GENE_ID","GENE_ALIAS") VALUES (253559,'NECL3');
INSERT INTO "gene_alias" ("ENTREZ_GENE_ID","GENE_ALIAS") VALUES (253559,'SynCAM 2');
INSERT INTO "gene_alias" ("ENTREZ_GENE_ID","GENE_ALIAS") VALUES (253559,'synCAM2');
INSERT INTO "gene_alias" ("ENTREZ_GENE_ID","GENE_ALIAS") VALUES (4437,'MRP1');
INSERT INTO "gene_alias" ("ENTREZ_GENE_ID","GENE_ALIAS") VALUES (4437,'DUP');
INSERT INTO "gene_alias" ("ENTREZ_GENE_ID","GENE_ALIAS") VALUES (4437,'FAP4');
INSERT INTO "gene_alias" ("ENTREZ_GENE_ID","GENE_ALIAS") VALUES (27334,'P2Y10');
INSERT INTO "gene_alias" ("ENTREZ_GENE_ID","GENE_ALIAS") VALUES (27334,'LYPSR2');
INSERT INTO "gene_alias" ("ENTREZ_GENE_ID","GENE_ALIAS") VALUES (80070,'ADAM-TS20');
INSERT INTO "gene_alias" ("ENTREZ_GENE_ID","GENE_ALIAS") VALUES (80070,'GON-1');
INSERT INTO "gene_alias" ("ENTREZ_GENE_ID","GENE_ALIAS") VALUES (80070,'ADAMTS-20');
INSERT INTO "gene_alias" ("ENTREZ_GENE_ID","GENE_ALIAS") VALUES (2648,'hGCN5');
INSERT INTO "gene_alias" ("ENTREZ_GENE_ID","GENE_ALIAS") VALUES (2648,'GCN5');
INSERT INTO "gene_alias" ("ENTREZ_GENE_ID","GENE_ALIAS") VALUES (2648,'GCN5L2');
INSERT INTO "gene_alias" ("ENTREZ_GENE_ID","GENE_ALIAS") VALUES (2648,'PCAF-b');
INSERT INTO "gene_alias" ("ENTREZ_GENE_ID","GENE_ALIAS") VALUES (4602,'c-myb_CDS');
INSERT INTO "gene_alias" ("ENTREZ_GENE_ID","GENE_ALIAS") VALUES (4602,'Cmyb');
INSERT INTO "gene_alias" ("ENTREZ_GENE_ID","GENE_ALIAS") VALUES (4602,'c-myb');
INSERT INTO "gene_alias" ("ENTREZ_GENE_ID","GENE_ALIAS") VALUES (4602,'efg');
INSERT INTO "gene_alias" ("ENTREZ_GENE_ID","GENE_ALIAS") VALUES (440348,'A-761H5.4');
INSERT INTO "gene_alias" ("ENTREZ_GENE_ID","GENE_ALIAS") VALUES (440348,'NPIPL2');
INSERT INTO "gene_alias" ("ENTREZ_GENE_ID","GENE_ALIAS") VALUES (3983,'LIMAB1');
INSERT INTO "gene_alias" ("ENTREZ_GENE_ID","GENE_ALIAS") VALUES (3983,'abLIM-1');
INSERT INTO "gene_alias" ("ENTREZ_GENE_ID","GENE_ALIAS") VALUES (3983,'ABLIM');
INSERT INTO "gene_alias" ("ENTREZ_GENE_ID","GENE_ALIAS") VALUES (3983,'LIMATIN');
INSERT INTO "gene_alias" ("ENTREZ_GENE_ID","GENE_ALIAS") VALUES (9780,'FAM38A');
INSERT INTO "gene_alias" ("ENTREZ_GENE_ID","GENE_ALIAS") VALUES (9780,'Mib');
INSERT INTO "gene_alias" ("ENTREZ_GENE_ID","GENE_ALIAS") VALUES (9780,'LMPH3');
INSERT INTO "gene_alias" ("ENTREZ_GENE_ID","GENE_ALIAS") VALUES (9780,'DHS');
INSERT INTO "gene_alias" ("ENTREZ_GENE_ID","GENE_ALIAS") VALUES (2261,'JTK4');
INSERT INTO "gene_alias" ("ENTREZ_GENE_ID","GENE_ALIAS") VALUES (2261,'HSFGFR3EX');
INSERT INTO "gene_alias" ("ENTREZ_GENE_ID","GENE_ALIAS") VALUES (2261,'ACH');
INSERT INTO "gene_alias" ("ENTREZ_GENE_ID","GENE_ALIAS") VALUES (2261,'CEK2');
INSERT INTO "gene_alias" ("ENTREZ_GENE_ID","GENE_ALIAS") VALUES (2261,'CD333');

INSERT INTO reference_genome_gene (ENTREZ_GENE_ID,CYTOBAND,EXONIC_LENGTH,START,END,CHR,REFERENCE_GENOME_ID) VALUES(207,'14q32.33',10838,105235686,105262088,14,1);
INSERT INTO reference_genome_gene (ENTREZ_GENE_ID,CYTOBAND,EXONIC_LENGTH,START,END,CHR,REFERENCE_GENOME_ID) VALUES(207,'14q32.33',11162,104769349,104795751,14,2);
INSERT INTO reference_genome_gene (ENTREZ_GENE_ID,CYTOBAND,EXONIC_LENGTH,START,END,CHR,REFERENCE_GENOME_ID) VALUES(208,'19q13.2',15035, 40736224, 40791443,19,1);
INSERT INTO reference_genome_gene (ENTREZ_GENE_ID,CYTOBAND,EXONIC_LENGTH,START,END,CHR,REFERENCE_GENOME_ID) VALUES(208,'19q13.2',15035, 40230317, 40285536,19,2);
INSERT INTO reference_genome_gene (ENTREZ_GENE_ID,CYTOBAND,EXONIC_LENGTH,START,END,CHR,REFERENCE_GENOME_ID) VALUES(51259,'11q12.2',2364, 61159159, 61166335,11,1);
INSERT INTO reference_genome_gene (ENTREZ_GENE_ID,CYTOBAND,EXONIC_LENGTH,START,END,CHR,REFERENCE_GENOME_ID) VALUES(51259,'11q12.2',2364, 61391687, 61398863,11,2);
INSERT INTO reference_genome_gene (ENTREZ_GENE_ID,CYTOBAND,EXONIC_LENGTH,START,END,CHR,REFERENCE_GENOME_ID) VALUES(282770,'11q12.1',2814, 55734975, 55735990,11,1);
INSERT INTO reference_genome_gene (ENTREZ_GENE_ID,CYTOBAND,EXONIC_LENGTH,START,END,CHR,REFERENCE_GENOME_ID) VALUES(282770,'11q12.1',2814, 55967558, 55968463,11,2);

INSERT INTO "genetic_profile" ("GENETIC_PROFILE_ID", "STABLE_ID", "CANCER_STUDY_ID", "GENETIC_ALTERATION_TYPE", "DATATYPE", "NAME", "DESCRIPTION", "SHOW_PROFILE_IN_ANALYSIS_TAB") VALUES (2,'study_tcga_pub_gistic',1,'COPY_NUMBER_ALTERATION','DISCRETE','Putative copy-number alterations from GISTIC','Putative copy-number from GISTIC 2.0. Values: -2 = homozygous deletion; -1 = hemizygous deletion; 0 = neutral / no change; 1 = gain; 2 = high level amplification.','1');
INSERT INTO "genetic_profile" ("GENETIC_PROFILE_ID", "STABLE_ID", "CANCER_STUDY_ID", "GENETIC_ALTERATION_TYPE", "DATATYPE", "NAME", "DESCRIPTION", "SHOW_PROFILE_IN_ANALYSIS_TAB") VALUES (3,'study_tcga_pub_mrna',1,'MRNA_EXPRESSION','Z-SCORE','mRNA expression (microarray)','Expression levels (Agilent microarray).','0');
INSERT INTO "genetic_profile" ("GENETIC_PROFILE_ID", "STABLE_ID", "CANCER_STUDY_ID", "GENETIC_ALTERATION_TYPE", "DATATYPE", "NAME", "DESCRIPTION", "SHOW_PROFILE_IN_ANALYSIS_TAB") VALUES (4,'study_tcga_pub_log2CNA',1,'COPY_NUMBER_ALTERATION','LOG2-VALUE','Log2 copy-number values','Log2 copy-number values for each gene (from Affymetrix SNP6).','0');
INSERT INTO "genetic_profile" ("GENETIC_PROFILE_ID", "STABLE_ID", "CANCER_STUDY_ID", "GENETIC_ALTERATION_TYPE", "DATATYPE", "NAME", "DESCRIPTION", "SHOW_PROFILE_IN_ANALYSIS_TAB") VALUES (5,'study_tcga_pub_methylation_hm27',1,'METHYLATION','CONTINUOUS','Methylation (HM27)','Methylation beta-values (HM27 platform). For genes with multiple methylation probes, the probe least correlated with expression is selected.','0');
INSERT INTO "genetic_profile" ("GENETIC_PROFILE_ID", "STABLE_ID", "CANCER_STUDY_ID", "GENETIC_ALTERATION_TYPE", "DATATYPE", "NAME", "DESCRIPTION", "SHOW_PROFILE_IN_ANALYSIS_TAB") VALUES (6,'study_tcga_pub_mutations',1,'MUTATION_EXTENDED','MAF','Mutations','Mutation data from whole exome sequencing.','1');
INSERT INTO "genetic_profile" ("GENETIC_PROFILE_ID", "STABLE_ID", "CANCER_STUDY_ID", "GENETIC_ALTERATION_TYPE", "DATATYPE", "NAME", "DESCRIPTION", "SHOW_PROFILE_IN_ANALYSIS_TAB") VALUES (7,'study_tcga_pub_structural_variants',1,'STRUCTURAL_VARIANT','SV','Structural Variants','Structural Variants test data.', '1');

-- genetic_alteration
INSERT INTO "genetic_alteration" ("GENETIC_PROFILE_ID","GENETIC_ENTITY_ID","VALUES") VALUES (2,(Select "GENETIC_ENTITY_ID" from "gene" where "ENTREZ_GENE_ID" = 10000),'0,0,1,2,0,1,1,1,0,1,1,1,0,1,');
INSERT INTO "genetic_alteration" ("GENETIC_PROFILE_ID","GENETIC_ENTITY_ID","VALUES") VALUES (2,(Select "GENETIC_ENTITY_ID" from "gene" where "ENTREZ_GENE_ID" = 207),'0,0,0,0,0,0,0,0,-1,0,0,0,-1,0,');
INSERT INTO "genetic_alteration" ("GENETIC_PROFILE_ID","GENETIC_ENTITY_ID","VALUES") VALUES (2,(Select "GENETIC_ENTITY_ID" from "gene" where "ENTREZ_GENE_ID" = 208),'0,0,0,1,0,0,0,1,0,0,0,2,0,2,');
INSERT INTO "genetic_alteration" ("GENETIC_PROFILE_ID","GENETIC_ENTITY_ID","VALUES") VALUES (2,(Select "GENETIC_ENTITY_ID" from "gene" where "ENTREZ_GENE_ID" = 3265),'0,0,0,0,0,0,1,0,0,0,0,-1,0,0,');
INSERT INTO "genetic_alteration" ("GENETIC_PROFILE_ID","GENETIC_ENTITY_ID","VALUES") VALUES (2,(Select "GENETIC_ENTITY_ID" from "gene" where "ENTREZ_GENE_ID" = 3845),'0,0,0,1,0,0,-1,1,1,0,1,2,2,0,');
INSERT INTO "genetic_alteration" ("GENETIC_PROFILE_ID","GENETIC_ENTITY_ID","VALUES") VALUES (2,(Select "GENETIC_ENTITY_ID" from "gene" where "ENTREZ_GENE_ID" = 472),'0,-1,-1,0,0,-1,0,1,0,-1,-1,1,-1,-1,');
INSERT INTO "genetic_alteration" ("GENETIC_PROFILE_ID","GENETIC_ENTITY_ID","VALUES") VALUES (2,(Select "GENETIC_ENTITY_ID" from "gene" where "ENTREZ_GENE_ID" = 4893),'0,-1,0,-1,0,0,0,0,-1,1,-1,0,0,0,');
INSERT INTO "genetic_alteration" ("GENETIC_PROFILE_ID","GENETIC_ENTITY_ID","VALUES") VALUES (2,(Select "GENETIC_ENTITY_ID" from "gene" where "ENTREZ_GENE_ID" = 672),'0,0,0,0,0,1,0,-1,0,-1,-1,0,-1,0,');
INSERT INTO "genetic_alteration" ("GENETIC_PROFILE_ID","GENETIC_ENTITY_ID","VALUES") VALUES (2,(Select "GENETIC_ENTITY_ID" from "gene" where "ENTREZ_GENE_ID" = 673),'0,0,0,1,0,0,0,0,0,0,-1,0,0,0,');
INSERT INTO "genetic_alteration" ("GENETIC_PROFILE_ID","GENETIC_ENTITY_ID","VALUES") VALUES (2,(Select "GENETIC_ENTITY_ID" from "gene" where "ENTREZ_GENE_ID" = 675),'0,-1,0,0,0,0,-1,0,1,0,-1,1,-1,-1,');
INSERT INTO "genetic_alteration" ("GENETIC_PROFILE_ID","GENETIC_ENTITY_ID","VALUES") VALUES (3,(Select "GENETIC_ENTITY_ID" from "gene" where "ENTREZ_GENE_ID" = 10000),'-0.473833333333333,1.51866666666667,0.148333333333333,-0.187666666666667,0.914,-0.664333333333333,-1.70783333333333,0.976,');
INSERT INTO "genetic_alteration" ("GENETIC_PROFILE_ID","GENETIC_ENTITY_ID","VALUES") VALUES (3,(Select "GENETIC_ENTITY_ID" from "gene" where "ENTREZ_GENE_ID" = 207),'-1.102375,-0.24375,0.018625,-0.157,0.33075,1.008,0.68175,-0.664875,');
INSERT INTO "genetic_alteration" ("GENETIC_PROFILE_ID","GENETIC_ENTITY_ID","VALUES") VALUES (3,(Select "GENETIC_ENTITY_ID" from "gene" where "ENTREZ_GENE_ID" = 208),'-1.22235714285714,-0.592571428571429,-0.176642857142857,-0.310428571428571,-1.19892857142857,-0.670142857142857,0.0779285714285714,-0.302642857142857,');
INSERT INTO "genetic_alteration" ("GENETIC_PROFILE_ID","GENETIC_ENTITY_ID","VALUES") VALUES (3,(Select "GENETIC_ENTITY_ID" from "gene" where "ENTREZ_GENE_ID" = 3265),'0.068,-0.062,-0.167833333333333,0.511666666666667,2.02066666666667,0.389166666666667,-0.724666666666666,0.9485,');
INSERT INTO "genetic_alteration" ("GENETIC_PROFILE_ID","GENETIC_ENTITY_ID","VALUES") VALUES (3,(Select "GENETIC_ENTITY_ID" from "gene" where "ENTREZ_GENE_ID" = 369),'-1.12475,-0.30675,0.1805,-0.59775,0.16625,0.402,0.243,-0.996,');
INSERT INTO "genetic_alteration" ("GENETIC_PROFILE_ID","GENETIC_ENTITY_ID","VALUES") VALUES (3,(Select "GENETIC_ENTITY_ID" from "gene" where "ENTREZ_GENE_ID" = 3845),'-0.17075,0.4045,0.185333333333333,0.4285,1.67616666666667,0.238,0.469833333333333,2.15883333333333,');
INSERT INTO "genetic_alteration" ("GENETIC_PROFILE_ID","GENETIC_ENTITY_ID","VALUES") VALUES (3,(Select "GENETIC_ENTITY_ID" from "gene" where "ENTREZ_GENE_ID" = 472),'-1.50341666666667,-1.92183333333333,-1.75541666666667,-1.57325,-1.02958333333333,-1.39791666666667,-1.51483333333333,-2.07091666666667,');
INSERT INTO "genetic_alteration" ("GENETIC_PROFILE_ID","GENETIC_ENTITY_ID","VALUES") VALUES (3,(Select "GENETIC_ENTITY_ID" from "gene" where "ENTREZ_GENE_ID" = 4893),'-1.91125,-2.0595,-1.22825,-1.319,-4.16675,-1.187875,0.280625,-0.13075,');
INSERT INTO "genetic_alteration" ("GENETIC_PROFILE_ID","GENETIC_ENTITY_ID","VALUES") VALUES (3,(Select "GENETIC_ENTITY_ID" from "gene" where "ENTREZ_GENE_ID" = 672),'-1.66108333333333,-1.38791666666667,-1.92483333333333,-1.65625,-0.35825,-1.99566666666667,-0.136416666666667,-0.70975,');
INSERT INTO "genetic_alteration" ("GENETIC_PROFILE_ID","GENETIC_ENTITY_ID","VALUES") VALUES (3,(Select "GENETIC_ENTITY_ID" from "gene" where "ENTREZ_GENE_ID" = 673),'0.2305,0.56,-0.10225,-0.0855,-0.012,0.138,0.141,0.6095,');
INSERT INTO "genetic_alteration" ("GENETIC_PROFILE_ID","GENETIC_ENTITY_ID","VALUES") VALUES (3,(Select "GENETIC_ENTITY_ID" from "gene" where "ENTREZ_GENE_ID" = 675),'-0.57075,-1.3405,-1.541,-0.40475,0.629,-1.2315,0.768,-0.033,');
INSERT INTO "genetic_alteration" ("GENETIC_PROFILE_ID","GENETIC_ENTITY_ID","VALUES") VALUES (4,(Select "GENETIC_ENTITY_ID" from "gene" where "ENTREZ_GENE_ID" = 10000),'0.017,0.032,0.872,0.704,0.009,0.485,0.848,0.685,-0.270,1.054,0.658,0.455,0.256,0.628,');
INSERT INTO "genetic_alteration" ("GENETIC_PROFILE_ID","GENETIC_ENTITY_ID","VALUES") VALUES (4,(Select "GENETIC_ENTITY_ID" from "gene" where "ENTREZ_GENE_ID" = 207),'-0.005,-0.003,-0.022,0.072,-0.042,0.015,0.045,0.026,-0.441,-0.030,0.009,0.154,-0.348,0.011,');
INSERT INTO "genetic_alteration" ("GENETIC_PROFILE_ID","GENETIC_ENTITY_ID","VALUES") VALUES (4,(Select "GENETIC_ENTITY_ID" from "gene" where "ENTREZ_GENE_ID" = 208),'0.045,-0.048,0.043,0.324,-0.064,0.036,0.147,0.404,0.112,0.012,0.043,1.418,0.069,1.670,');
INSERT INTO "genetic_alteration" ("GENETIC_PROFILE_ID","GENETIC_ENTITY_ID","VALUES") VALUES (4,(Select "GENETIC_ENTITY_ID" from "gene" where "ENTREZ_GENE_ID" = 3265),'0.003,-0.043,0.009,0.009,-0.043,0.031,0.411,-0.048,0.049,-0.030,0.056,-0.695,-0.022,-0.001,');
INSERT INTO "genetic_alteration" ("GENETIC_PROFILE_ID","GENETIC_ENTITY_ID","VALUES") VALUES (4,(Select "GENETIC_ENTITY_ID" from "gene" where "ENTREZ_GENE_ID" = 3845),'-0.009,0.001,0.006,0.379,0.022,-0.010,-0.473,1.172,2.823,0.014,0.339,1.450,3.160,0.026,');
INSERT INTO "genetic_alteration" ("GENETIC_PROFILE_ID","GENETIC_ENTITY_ID","VALUES") VALUES (4,(Select "GENETIC_ENTITY_ID" from "gene" where "ENTREZ_GENE_ID" = 472),'-0.006,-0.500,-0.462,-0.013,-0.003,-0.448,0.135,0.522,0.211,-0.578,-0.350,0.655,-0.449,-0.668,');
INSERT INTO "genetic_alteration" ("GENETIC_PROFILE_ID","GENETIC_ENTITY_ID","VALUES") VALUES (4,(Select "GENETIC_ENTITY_ID" from "gene" where "ENTREZ_GENE_ID" = 4893),'0.011,-0.420,0.014,-0.341,-0.019,0.020,0.032,-0.052,-0.453,0.455,-0.318,0.278,0.240,0.034,');
INSERT INTO "genetic_alteration" ("GENETIC_PROFILE_ID","GENETIC_ENTITY_ID","VALUES") VALUES (4,(Select "GENETIC_ENTITY_ID" from "gene" where "ENTREZ_GENE_ID" = 672),'0.044,-0.082,0.027,-0.003,-0.012,0.486,-0.300,-0.397,-0.284,-0.547,-0.301,0.218,-0.389,-0.011,');
INSERT INTO "genetic_alteration" ("GENETIC_PROFILE_ID","GENETIC_ENTITY_ID","VALUES") VALUES (4,(Select "GENETIC_ENTITY_ID" from "gene" where "ENTREZ_GENE_ID" = 673),'0.015,0.005,0.005,0.344,-0.011,0.171,0.140,-0.013,0.021,0.010,-0.385,-0.177,0.075,0.002,');
INSERT INTO "genetic_alteration" ("GENETIC_PROFILE_ID","GENETIC_ENTITY_ID","VALUES") VALUES (4,(Select "GENETIC_ENTITY_ID" from "gene" where "ENTREZ_GENE_ID" = 675),'-0.005,-0.502,-0.240,0.016,0.022,-0.029,-0.319,0.004,1.020,-0.024,-0.366,0.768,-0.397,-0.667,');
INSERT INTO "genetic_alteration" ("GENETIC_PROFILE_ID","GENETIC_ENTITY_ID","VALUES") VALUES (5,(Select "GENETIC_ENTITY_ID" from "gene" where "ENTREZ_GENE_ID" = 10000),'0.841525757,');
INSERT INTO "genetic_alteration" ("GENETIC_PROFILE_ID","GENETIC_ENTITY_ID","VALUES") VALUES (5,(Select "GENETIC_ENTITY_ID" from "gene" where "ENTREZ_GENE_ID" = 207),'0.134488708,');
INSERT INTO "genetic_alteration" ("GENETIC_PROFILE_ID","GENETIC_ENTITY_ID","VALUES") VALUES (5,(Select "GENETIC_ENTITY_ID" from "gene" where "ENTREZ_GENE_ID" = 208),'0.072712077,');
INSERT INTO "genetic_alteration" ("GENETIC_PROFILE_ID","GENETIC_ENTITY_ID","VALUES") VALUES (5,(Select "GENETIC_ENTITY_ID" from "gene" where "ENTREZ_GENE_ID" = 3265),'0.039372,');
INSERT INTO "genetic_alteration" ("GENETIC_PROFILE_ID","GENETIC_ENTITY_ID","VALUES") VALUES (5,(Select "GENETIC_ENTITY_ID" from "gene" where "ENTREZ_GENE_ID" = 369),'0.125441004,');
INSERT INTO "genetic_alteration" ("GENETIC_PROFILE_ID","GENETIC_ENTITY_ID","VALUES") VALUES (5,(Select "GENETIC_ENTITY_ID" from "gene" where "ENTREZ_GENE_ID" = 3845),'0.049338479,');
INSERT INTO "genetic_alteration" ("GENETIC_PROFILE_ID","GENETIC_ENTITY_ID","VALUES") VALUES (5,(Select "GENETIC_ENTITY_ID" from "gene" where "ENTREZ_GENE_ID" = 472),'0.025402093,');
INSERT INTO "genetic_alteration" ("GENETIC_PROFILE_ID","GENETIC_ENTITY_ID","VALUES") VALUES (5,(Select "GENETIC_ENTITY_ID" from "gene" where "ENTREZ_GENE_ID" = 4893),'0.105977072,');
INSERT INTO "genetic_alteration" ("GENETIC_PROFILE_ID","GENETIC_ENTITY_ID","VALUES") VALUES (5,(Select "GENETIC_ENTITY_ID" from "gene" where "ENTREZ_GENE_ID" = 672),'0.066638638,');
INSERT INTO "genetic_alteration" ("GENETIC_PROFILE_ID","GENETIC_ENTITY_ID","VALUES") VALUES (5,(Select "GENETIC_ENTITY_ID" from "gene" where "ENTREZ_GENE_ID" = 673),'0.020369562,');
INSERT INTO "genetic_alteration" ("GENETIC_PROFILE_ID","GENETIC_ENTITY_ID","VALUES") VALUES (5,(Select "GENETIC_ENTITY_ID" from "gene" where "ENTREZ_GENE_ID" = 675),'0.793930197,');

-- genetic_profile_samples
INSERT INTO "genetic_profile_samples" ("GENETIC_PROFILE_ID", "ORDERED_SAMPLE_LIST") VALUES (2,'1,2,3,4,5,6,7,8,9,10,11,12,13,14,');
INSERT INTO "genetic_profile_samples" ("GENETIC_PROFILE_ID", "ORDERED_SAMPLE_LIST") VALUES (3,'2,3,6,8,9,10,12,13,');
INSERT INTO "genetic_profile_samples" ("GENETIC_PROFILE_ID", "ORDERED_SAMPLE_LIST") VALUES (4,'1,2,3,4,5,6,7,8,9,10,11,12,13,14,');
INSERT INTO "genetic_profile_samples" ("GENETIC_PROFILE_ID", "ORDERED_SAMPLE_LIST") VALUES (5,'2,');

-- patient
INSERT INTO "patient" ("INTERNAL_ID", "STABLE_ID", "CANCER_STUDY_ID") VALUES (1,'TCGA-A1-A0SB',1);
INSERT INTO "patient" ("INTERNAL_ID", "STABLE_ID", "CANCER_STUDY_ID") VALUES (2,'TCGA-A1-A0SD',1);
INSERT INTO "patient" ("INTERNAL_ID", "STABLE_ID", "CANCER_STUDY_ID") VALUES (3,'TCGA-A1-A0SE',1);
INSERT INTO "patient" ("INTERNAL_ID", "STABLE_ID", "CANCER_STUDY_ID") VALUES (4,'TCGA-A1-A0SF',1);
INSERT INTO "patient" ("INTERNAL_ID", "STABLE_ID", "CANCER_STUDY_ID") VALUES (5,'TCGA-A1-A0SG',1);
INSERT INTO "patient" ("INTERNAL_ID", "STABLE_ID", "CANCER_STUDY_ID") VALUES (6,'TCGA-A1-A0SH',1);
INSERT INTO "patient" ("INTERNAL_ID", "STABLE_ID", "CANCER_STUDY_ID") VALUES (7,'TCGA-A1-A0SI',1);
INSERT INTO "patient" ("INTERNAL_ID", "STABLE_ID", "CANCER_STUDY_ID") VALUES (8,'TCGA-A1-A0SJ',1);
INSERT INTO "patient" ("INTERNAL_ID", "STABLE_ID", "CANCER_STUDY_ID") VALUES (9,'TCGA-A1-A0SK',1);
INSERT INTO "patient" ("INTERNAL_ID", "STABLE_ID", "CANCER_STUDY_ID") VALUES (10,'TCGA-A1-A0SM',1);
INSERT INTO "patient" ("INTERNAL_ID", "STABLE_ID", "CANCER_STUDY_ID") VALUES (11,'TCGA-A1-A0SN',1);
INSERT INTO "patient" ("INTERNAL_ID", "STABLE_ID", "CANCER_STUDY_ID") VALUES (12,'TCGA-A1-A0SO',1);
INSERT INTO "patient" ("INTERNAL_ID", "STABLE_ID", "CANCER_STUDY_ID") VALUES (13,'TCGA-A1-A0SP',1);
INSERT INTO "patient" ("INTERNAL_ID", "STABLE_ID", "CANCER_STUDY_ID") VALUES (14,'TCGA-A1-A0SQ',1);
INSERT INTO "patient" ("INTERNAL_ID", "STABLE_ID", "CANCER_STUDY_ID") VALUES (15,'TCGA-XX-0800',1);
INSERT INTO "patient" ("INTERNAL_ID", "STABLE_ID", "CANCER_STUDY_ID") VALUES (16,'TCGA-XX-0900',1);
INSERT INTO "patient" ("INTERNAL_ID", "STABLE_ID", "CANCER_STUDY_ID") VALUES (17,'TCGA-AA-3664',1);
INSERT INTO "patient" ("INTERNAL_ID", "STABLE_ID", "CANCER_STUDY_ID") VALUES (18,'TCGA-AA-3665',1);

-- sample
INSERT INTO "sample" ("INTERNAL_ID","STABLE_ID","SAMPLE_TYPE","PATIENT_ID","TYPE_OF_CANCER_ID") VALUES (1,'TCGA-A1-A0SB-01','Primary Solid Tumor',1,'brca');
INSERT INTO "sample" ("INTERNAL_ID","STABLE_ID","SAMPLE_TYPE","PATIENT_ID","TYPE_OF_CANCER_ID") VALUES (2,'TCGA-A1-A0SD-01','Primary Solid Tumor',2,'brca');
INSERT INTO "sample" ("INTERNAL_ID","STABLE_ID","SAMPLE_TYPE","PATIENT_ID","TYPE_OF_CANCER_ID") VALUES (3,'TCGA-A1-A0SE-01','Primary Solid Tumor',3,'brca');
INSERT INTO "sample" ("INTERNAL_ID","STABLE_ID","SAMPLE_TYPE","PATIENT_ID","TYPE_OF_CANCER_ID") VALUES (4,'TCGA-A1-A0SF-01','Primary Solid Tumor',4,'brca');
INSERT INTO "sample" ("INTERNAL_ID","STABLE_ID","SAMPLE_TYPE","PATIENT_ID","TYPE_OF_CANCER_ID") VALUES (5,'TCGA-A1-A0SG-01','Primary Solid Tumor',5,'brca');
INSERT INTO "sample" ("INTERNAL_ID","STABLE_ID","SAMPLE_TYPE","PATIENT_ID","TYPE_OF_CANCER_ID") VALUES (6,'TCGA-A1-A0SH-01','Primary Solid Tumor',6,'brca');
INSERT INTO "sample" ("INTERNAL_ID","STABLE_ID","SAMPLE_TYPE","PATIENT_ID","TYPE_OF_CANCER_ID") VALUES (7,'TCGA-A1-A0SI-01','Primary Solid Tumor',7,'brca');
INSERT INTO "sample" ("INTERNAL_ID","STABLE_ID","SAMPLE_TYPE","PATIENT_ID","TYPE_OF_CANCER_ID") VALUES (8,'TCGA-A1-A0SJ-01','Primary Solid Tumor',8,'brca');
INSERT INTO "sample" ("INTERNAL_ID","STABLE_ID","SAMPLE_TYPE","PATIENT_ID","TYPE_OF_CANCER_ID") VALUES (9,'TCGA-A1-A0SK-01','Primary Solid Tumor',9,'brca');
INSERT INTO "sample" ("INTERNAL_ID","STABLE_ID","SAMPLE_TYPE","PATIENT_ID","TYPE_OF_CANCER_ID") VALUES (10,'TCGA-A1-A0SM-01','Primary Solid Tumor',10,'brca');
INSERT INTO "sample" ("INTERNAL_ID","STABLE_ID","SAMPLE_TYPE","PATIENT_ID","TYPE_OF_CANCER_ID") VALUES (11,'TCGA-A1-A0SN-01','Primary Solid Tumor',11,'brca');
INSERT INTO "sample" ("INTERNAL_ID","STABLE_ID","SAMPLE_TYPE","PATIENT_ID","TYPE_OF_CANCER_ID") VALUES (12,'TCGA-A1-A0SO-01','Primary Solid Tumor',12,'brca');
INSERT INTO "sample" ("INTERNAL_ID","STABLE_ID","SAMPLE_TYPE","PATIENT_ID","TYPE_OF_CANCER_ID") VALUES (13,'TCGA-A1-A0SP-01','Primary Solid Tumor',13,'brca');
INSERT INTO "sample" ("INTERNAL_ID","STABLE_ID","SAMPLE_TYPE","PATIENT_ID","TYPE_OF_CANCER_ID") VALUES (14,'TCGA-A1-A0SQ-01','Primary Solid Tumor',14,'brca');
INSERT INTO "sample" ("INTERNAL_ID","STABLE_ID","SAMPLE_TYPE","PATIENT_ID","TYPE_OF_CANCER_ID") VALUES (15,'TCGA-XX-0800-01','Primary Solid Tumor',15,'brca');
INSERT INTO "sample" ("INTERNAL_ID","STABLE_ID","SAMPLE_TYPE","PATIENT_ID","TYPE_OF_CANCER_ID") VALUES (16,'TCGA-XX-0900-01','Primary Solid Tumor',16,'brca');
INSERT INTO "sample" ("INTERNAL_ID","STABLE_ID","SAMPLE_TYPE","PATIENT_ID","TYPE_OF_CANCER_ID") VALUES (17,'TCGA-AA-3664-01','Primary Solid Tumor',17,'brca');
INSERT INTO "sample" ("INTERNAL_ID","STABLE_ID","SAMPLE_TYPE","PATIENT_ID","TYPE_OF_CANCER_ID") VALUES (18,'TCGA-AA-3665-01','Primary Solid Tumor',18,'brca');

-- mutation_event
INSERT INTO "mutation_event" ("MUTATION_EVENT_ID","ENTREZ_GENE_ID","CHR","START_POSITION","END_POSITION","REFERENCE_ALLELE","TUMOR_SEQ_ALLELE","PROTEIN_CHANGE","MUTATION_TYPE","FUNCTIONAL_IMPACT_SCORE","FIS_VALUE","LINK_XVAR","LINK_PDB","LINK_MSA","NCBI_BUILD","STRAND","VARIANT_TYPE","DB_SNP_RS","DB_SNP_VAL_STATUS","ONCOTATOR_DBSNP_RS","ONCOTATOR_REFSEQ_MRNA_ID","ONCOTATOR_CODON_CHANGE","ONCOTATOR_UNIPROT_ENTRY_NAME","ONCOTATOR_UNIPROT_ACCESSION","ONCOTATOR_PROTEIN_POS_START","ONCOTATOR_PROTEIN_POS_END","CANONICAL_TRANSCRIPT","KEYWORD") VALUES (2038,672,'17',41244748,41244748,'G','A','Q934*','Nonsense_Mutation','NA',0,'getma.org/?cm=var&var=hg19,17,41244748,G,A&fts=all','NA','NA','37','+','SNP','rs80357223','unknown','rs80357223','NM_007294','c.(2800-2802)CAG>TAG','BRCA1_HUMAN','P38398',934,934,1,'BRCA1 truncating');
INSERT INTO "mutation_event" ("MUTATION_EVENT_ID","ENTREZ_GENE_ID","CHR","START_POSITION","END_POSITION","REFERENCE_ALLELE","TUMOR_SEQ_ALLELE","PROTEIN_CHANGE","MUTATION_TYPE","FUNCTIONAL_IMPACT_SCORE","FIS_VALUE","LINK_XVAR","LINK_PDB","LINK_MSA","NCBI_BUILD","STRAND","VARIANT_TYPE","DB_SNP_RS","DB_SNP_VAL_STATUS","ONCOTATOR_DBSNP_RS","ONCOTATOR_REFSEQ_MRNA_ID","ONCOTATOR_CODON_CHANGE","ONCOTATOR_UNIPROT_ENTRY_NAME","ONCOTATOR_UNIPROT_ACCESSION","ONCOTATOR_PROTEIN_POS_START","ONCOTATOR_PROTEIN_POS_END","CANONICAL_TRANSCRIPT","KEYWORD") VALUES (22604,672,'17',41258504,41258504,'A','C','C61G','Missense_Mutation','H',4.355,'getma.org/?cm=var&var=hg19,17,41258504,A,C&fts=all','getma.org/pdb.php?prot=BRCA1_HUMAN&from=24&to=64&var=C61G','getma.org/?cm=msa&ty=f&p=BRCA1_HUMAN&rb=24&re=64&var=C61G','37','+','SNP','rs28897672','byCluster','rs28897672','NM_007294','c.(181-183)TGT>GGT','BRCA1_HUMAN','P38398',61,61,1,'BRCA1 C61 missense');
INSERT INTO "mutation_event" ("MUTATION_EVENT_ID","ENTREZ_GENE_ID","CHR","START_POSITION","END_POSITION","REFERENCE_ALLELE","TUMOR_SEQ_ALLELE","PROTEIN_CHANGE","MUTATION_TYPE","FUNCTIONAL_IMPACT_SCORE","FIS_VALUE","LINK_XVAR","LINK_PDB","LINK_MSA","NCBI_BUILD","STRAND","VARIANT_TYPE","DB_SNP_RS","DB_SNP_VAL_STATUS","ONCOTATOR_DBSNP_RS","ONCOTATOR_REFSEQ_MRNA_ID","ONCOTATOR_CODON_CHANGE","ONCOTATOR_UNIPROT_ENTRY_NAME","ONCOTATOR_UNIPROT_ACCESSION","ONCOTATOR_PROTEIN_POS_START","ONCOTATOR_PROTEIN_POS_END","CANONICAL_TRANSCRIPT","KEYWORD") VALUES (2039,672,'17',41276033,41276033,'C','T','C27_splice','Splice_Site','NA',1.4013e-45,'NA','NA','NA','37','+','SNP','rs80358010','byCluster','rs80358010','NM_007294','c.e2+1','NA','NA',-1,-1,1,'BRCA1 truncating');

-- mutation
INSERT INTO "mutation" ("MUTATION_EVENT_ID","GENETIC_PROFILE_ID","SAMPLE_ID","ENTREZ_GENE_ID","CENTER","SEQUENCER","MUTATION_STATUS","VALIDATION_STATUS","TUMOR_SEQ_ALLELE1","TUMOR_SEQ_ALLELE2","MATCHED_NORM_SAMPLE_BARCODE","MATCH_NORM_SEQ_ALLELE1","MATCH_NORM_SEQ_ALLELE2","TUMOR_VALIDATION_ALLELE1","TUMOR_VALIDATION_ALLELE2","MATCH_NORM_VALIDATION_ALLELE1","MATCH_NORM_VALIDATION_ALLELE2","VERIFICATION_STATUS","SEQUENCING_PHASE","SEQUENCE_SOURCE","VALIDATION_METHOD","SCORE","BAM_FILE","TUMOR_ALT_COUNT","TUMOR_REF_COUNT","NORMAL_ALT_COUNT","NORMAL_REF_COUNT") VALUES (2038,6,6,672,'genome.wustl.edu','IlluminaGAIIx','Germline','Unknown','G','A','TCGA-A1-A0SH-10A-03D-A099-09','G','A','NA','NA','NA','NA','Unknown','Phase_IV','Capture','NA','1','dbGAP',-1,-1,-1,-1);
INSERT INTO "mutation" ("MUTATION_EVENT_ID","GENETIC_PROFILE_ID","SAMPLE_ID","ENTREZ_GENE_ID","CENTER","SEQUENCER","MUTATION_STATUS","VALIDATION_STATUS","TUMOR_SEQ_ALLELE1","TUMOR_SEQ_ALLELE2","MATCHED_NORM_SAMPLE_BARCODE","MATCH_NORM_SEQ_ALLELE1","MATCH_NORM_SEQ_ALLELE2","TUMOR_VALIDATION_ALLELE1","TUMOR_VALIDATION_ALLELE2","MATCH_NORM_VALIDATION_ALLELE1","MATCH_NORM_VALIDATION_ALLELE2","VERIFICATION_STATUS","SEQUENCING_PHASE","SEQUENCE_SOURCE","VALIDATION_METHOD","SCORE","BAM_FILE","TUMOR_ALT_COUNT","TUMOR_REF_COUNT","NORMAL_ALT_COUNT","NORMAL_REF_COUNT") VALUES (22604,6,6,672,'genome.wustl.edu','IlluminaGAIIx','Germline','Unknown','A','C','TCGA-A1-A0SH-10A-03D-A099-09','A','C','NA','NA','NA','NA','Unknown','Phase_IV','Capture','NA','1','dbGAP',-1,-1,-1,-1);
INSERT INTO "mutation" ("MUTATION_EVENT_ID","GENETIC_PROFILE_ID","SAMPLE_ID","ENTREZ_GENE_ID","CENTER","SEQUENCER","MUTATION_STATUS","VALIDATION_STATUS","TUMOR_SEQ_ALLELE1","TUMOR_SEQ_ALLELE2","MATCHED_NORM_SAMPLE_BARCODE","MATCH_NORM_SEQ_ALLELE1","MATCH_NORM_SEQ_ALLELE2","TUMOR_VALIDATION_ALLELE1","TUMOR_VALIDATION_ALLELE2","MATCH_NORM_VALIDATION_ALLELE1","MATCH_NORM_VALIDATION_ALLELE2","VERIFICATION_STATUS","SEQUENCING_PHASE","SEQUENCE_SOURCE","VALIDATION_METHOD","SCORE","BAM_FILE","TUMOR_ALT_COUNT","TUMOR_REF_COUNT","NORMAL_ALT_COUNT","NORMAL_REF_COUNT") VALUES (2039,6,12,672,'genome.wustl.edu','IlluminaGAIIx','Germline','Unknown','T','T','TCGA-A1-A0SO-10A-03D-A099-09','T','T','NA','NA','NA','NA','Unknown','Phase_IV','Capture','NA','1','dbGAP',-1,-1,-1,-1);

-- sample_list
INSERT INTO "sample_list" ("LIST_ID", "STABLE_ID", "CATEGORY", "CANCER_STUDY_ID", "NAME", "DESCRIPTION") VALUES (1,'study_tcga_pub_all','other',1,'All Tumors','All tumor samples (14 samples)');
INSERT INTO "sample_list" ("LIST_ID", "STABLE_ID", "CATEGORY", "CANCER_STUDY_ID", "NAME", "DESCRIPTION") VALUES (2,'study_tcga_pub_acgh','other',1,'Tumors aCGH','All tumors with aCGH data (778 samples)');
INSERT INTO "sample_list" ("LIST_ID", "STABLE_ID", "CATEGORY", "CANCER_STUDY_ID", "NAME", "DESCRIPTION") VALUES (3,'study_tcga_pub_cnaseq','other',1,'Tumors with sequencing and aCGH data','All tumor samples that have CNA and sequencing data (482 samples)');
INSERT INTO "sample_list" ("LIST_ID", "STABLE_ID", "CATEGORY", "CANCER_STUDY_ID", "NAME", "DESCRIPTION") VALUES (4,'study_tcga_pub_complete','other',1,'Complete samples (mutations, copy-number, expression)','Samples with complete data (463 samples)');
INSERT INTO "sample_list" ("LIST_ID", "STABLE_ID", "CATEGORY", "CANCER_STUDY_ID", "NAME", "DESCRIPTION") VALUES (5,'study_tcga_pub_log2CNA','other',1,'Tumors log2 copy-number','All tumors with log2 copy-number data (778 samples)');
INSERT INTO "sample_list" ("LIST_ID", "STABLE_ID", "CATEGORY", "CANCER_STUDY_ID", "NAME", "DESCRIPTION") VALUES (6,'study_tcga_pub_methylation_hm27','other',1,'Tumors with methylation data','All samples with methylation (HM27) data (311 samples)');
INSERT INTO "sample_list" ("LIST_ID", "STABLE_ID", "CATEGORY", "CANCER_STUDY_ID", "NAME", "DESCRIPTION") VALUES (7,'study_tcga_pub_mrna','other',1,'Tumors with mRNA data (Agilent microarray)','All samples with mRNA expression data (526 samples)');
INSERT INTO "sample_list" ("LIST_ID", "STABLE_ID", "CATEGORY", "CANCER_STUDY_ID", "NAME", "DESCRIPTION") VALUES (8,'study_tcga_pub_sequenced','other',1,'Sequenced Tumors','All sequenced samples (507 samples)');

-- sample_list_list
INSERT INTO "sample_list_list" ("LIST_ID","SAMPLE_ID") VALUES (1,1);
INSERT INTO "sample_list_list" ("LIST_ID","SAMPLE_ID") VALUES (1,2);
INSERT INTO "sample_list_list" ("LIST_ID","SAMPLE_ID") VALUES (1,3);
INSERT INTO "sample_list_list" ("LIST_ID","SAMPLE_ID") VALUES (1,4);
INSERT INTO "sample_list_list" ("LIST_ID","SAMPLE_ID") VALUES (1,5);
INSERT INTO "sample_list_list" ("LIST_ID","SAMPLE_ID") VALUES (1,6);
INSERT INTO "sample_list_list" ("LIST_ID","SAMPLE_ID") VALUES (1,7);
INSERT INTO "sample_list_list" ("LIST_ID","SAMPLE_ID") VALUES (1,8);
INSERT INTO "sample_list_list" ("LIST_ID","SAMPLE_ID") VALUES (1,9);
INSERT INTO "sample_list_list" ("LIST_ID","SAMPLE_ID") VALUES (1,10);
INSERT INTO "sample_list_list" ("LIST_ID","SAMPLE_ID") VALUES (1,11);
INSERT INTO "sample_list_list" ("LIST_ID","SAMPLE_ID") VALUES (1,12);
INSERT INTO "sample_list_list" ("LIST_ID","SAMPLE_ID") VALUES (1,13);
INSERT INTO "sample_list_list" ("LIST_ID","SAMPLE_ID") VALUES (1,14);
INSERT INTO "sample_list_list" ("LIST_ID","SAMPLE_ID") VALUES (2,1);
INSERT INTO "sample_list_list" ("LIST_ID","SAMPLE_ID") VALUES (2,2);
INSERT INTO "sample_list_list" ("LIST_ID","SAMPLE_ID") VALUES (2,3);
INSERT INTO "sample_list_list" ("LIST_ID","SAMPLE_ID") VALUES (2,4);
INSERT INTO "sample_list_list" ("LIST_ID","SAMPLE_ID") VALUES (2,5);
INSERT INTO "sample_list_list" ("LIST_ID","SAMPLE_ID") VALUES (2,6);
INSERT INTO "sample_list_list" ("LIST_ID","SAMPLE_ID") VALUES (2,7);
INSERT INTO "sample_list_list" ("LIST_ID","SAMPLE_ID") VALUES (2,8);
INSERT INTO "sample_list_list" ("LIST_ID","SAMPLE_ID") VALUES (2,9);
INSERT INTO "sample_list_list" ("LIST_ID","SAMPLE_ID") VALUES (2,10);
INSERT INTO "sample_list_list" ("LIST_ID","SAMPLE_ID") VALUES (2,11);
INSERT INTO "sample_list_list" ("LIST_ID","SAMPLE_ID") VALUES (2,12);
INSERT INTO "sample_list_list" ("LIST_ID","SAMPLE_ID") VALUES (2,13);
INSERT INTO "sample_list_list" ("LIST_ID","SAMPLE_ID") VALUES (2,14);
INSERT INTO "sample_list_list" ("LIST_ID","SAMPLE_ID") VALUES (3,2);
INSERT INTO "sample_list_list" ("LIST_ID","SAMPLE_ID") VALUES (3,3);
INSERT INTO "sample_list_list" ("LIST_ID","SAMPLE_ID") VALUES (3,6);
INSERT INTO "sample_list_list" ("LIST_ID","SAMPLE_ID") VALUES (3,8);
INSERT INTO "sample_list_list" ("LIST_ID","SAMPLE_ID") VALUES (3,9);
INSERT INTO "sample_list_list" ("LIST_ID","SAMPLE_ID") VALUES (3,10);
INSERT INTO "sample_list_list" ("LIST_ID","SAMPLE_ID") VALUES (3,12);
INSERT INTO "sample_list_list" ("LIST_ID","SAMPLE_ID") VALUES (4,2);
INSERT INTO "sample_list_list" ("LIST_ID","SAMPLE_ID") VALUES (4,3);
INSERT INTO "sample_list_list" ("LIST_ID","SAMPLE_ID") VALUES (4,6);
INSERT INTO "sample_list_list" ("LIST_ID","SAMPLE_ID") VALUES (4,8);
INSERT INTO "sample_list_list" ("LIST_ID","SAMPLE_ID") VALUES (4,9);
INSERT INTO "sample_list_list" ("LIST_ID","SAMPLE_ID") VALUES (4,10);
INSERT INTO "sample_list_list" ("LIST_ID","SAMPLE_ID") VALUES (4,12);
INSERT INTO "sample_list_list" ("LIST_ID","SAMPLE_ID") VALUES (5,1);
INSERT INTO "sample_list_list" ("LIST_ID","SAMPLE_ID") VALUES (5,2);
INSERT INTO "sample_list_list" ("LIST_ID","SAMPLE_ID") VALUES (5,3);
INSERT INTO "sample_list_list" ("LIST_ID","SAMPLE_ID") VALUES (5,4);
INSERT INTO "sample_list_list" ("LIST_ID","SAMPLE_ID") VALUES (5,5);
INSERT INTO "sample_list_list" ("LIST_ID","SAMPLE_ID") VALUES (5,6);
INSERT INTO "sample_list_list" ("LIST_ID","SAMPLE_ID") VALUES (5,7);
INSERT INTO "sample_list_list" ("LIST_ID","SAMPLE_ID") VALUES (5,8);
INSERT INTO "sample_list_list" ("LIST_ID","SAMPLE_ID") VALUES (5,9);
INSERT INTO "sample_list_list" ("LIST_ID","SAMPLE_ID") VALUES (5,10);
INSERT INTO "sample_list_list" ("LIST_ID","SAMPLE_ID") VALUES (5,11);
INSERT INTO "sample_list_list" ("LIST_ID","SAMPLE_ID") VALUES (5,12);
INSERT INTO "sample_list_list" ("LIST_ID","SAMPLE_ID") VALUES (5,13);
INSERT INTO "sample_list_list" ("LIST_ID","SAMPLE_ID") VALUES (5,14);
INSERT INTO "sample_list_list" ("LIST_ID","SAMPLE_ID") VALUES (6,2);
INSERT INTO "sample_list_list" ("LIST_ID","SAMPLE_ID") VALUES (7,2);
INSERT INTO "sample_list_list" ("LIST_ID","SAMPLE_ID") VALUES (7,3);
INSERT INTO "sample_list_list" ("LIST_ID","SAMPLE_ID") VALUES (7,6);
INSERT INTO "sample_list_list" ("LIST_ID","SAMPLE_ID") VALUES (7,8);
INSERT INTO "sample_list_list" ("LIST_ID","SAMPLE_ID") VALUES (7,9);
INSERT INTO "sample_list_list" ("LIST_ID","SAMPLE_ID") VALUES (7,10);
INSERT INTO "sample_list_list" ("LIST_ID","SAMPLE_ID") VALUES (7,12);
INSERT INTO "sample_list_list" ("LIST_ID","SAMPLE_ID") VALUES (7,13);
INSERT INTO "sample_list_list" ("LIST_ID","SAMPLE_ID") VALUES (8,2);
INSERT INTO "sample_list_list" ("LIST_ID","SAMPLE_ID") VALUES (8,3);
INSERT INTO "sample_list_list" ("LIST_ID","SAMPLE_ID") VALUES (8,6);
INSERT INTO "sample_list_list" ("LIST_ID","SAMPLE_ID") VALUES (8,8);
INSERT INTO "sample_list_list" ("LIST_ID","SAMPLE_ID") VALUES (8,9);
INSERT INTO "sample_list_list" ("LIST_ID","SAMPLE_ID") VALUES (8,10);
INSERT INTO "sample_list_list" ("LIST_ID","SAMPLE_ID") VALUES (8,12);

-- sample_cna_event
INSERT INTO "sample_cna_event" ("CNA_EVENT_ID","SAMPLE_ID","GENETIC_PROFILE_ID") VALUES (2774,4,2);
INSERT INTO "sample_cna_event" ("CNA_EVENT_ID","SAMPLE_ID","GENETIC_PROFILE_ID") VALUES (17280,12,2);
INSERT INTO "sample_cna_event" ("CNA_EVENT_ID","SAMPLE_ID","GENETIC_PROFILE_ID") VALUES (26161,12,2);
INSERT INTO "sample_cna_event" ("CNA_EVENT_ID","SAMPLE_ID","GENETIC_PROFILE_ID") VALUES (17280,13,2);
INSERT INTO "sample_cna_event" ("CNA_EVENT_ID","SAMPLE_ID","GENETIC_PROFILE_ID") VALUES (26161,14,2);

-- sample_profile
INSERT INTO "sample_profile" ("SAMPLE_ID","GENETIC_PROFILE_ID","PANEL_ID") VALUES (1,2,NULL);
INSERT INTO "sample_profile" ("SAMPLE_ID","GENETIC_PROFILE_ID","PANEL_ID") VALUES (1,4,NULL);
INSERT INTO "sample_profile" ("SAMPLE_ID","GENETIC_PROFILE_ID","PANEL_ID") VALUES (2,2,NULL);
INSERT INTO "sample_profile" ("SAMPLE_ID","GENETIC_PROFILE_ID","PANEL_ID") VALUES (2,3,NULL);
INSERT INTO "sample_profile" ("SAMPLE_ID","GENETIC_PROFILE_ID","PANEL_ID") VALUES (2,4,NULL);
INSERT INTO "sample_profile" ("SAMPLE_ID","GENETIC_PROFILE_ID","PANEL_ID") VALUES (2,5,NULL);
INSERT INTO "sample_profile" ("SAMPLE_ID","GENETIC_PROFILE_ID","PANEL_ID") VALUES (2,6,NULL);
INSERT INTO "sample_profile" ("SAMPLE_ID","GENETIC_PROFILE_ID","PANEL_ID") VALUES (3,2,NULL);
INSERT INTO "sample_profile" ("SAMPLE_ID","GENETIC_PROFILE_ID","PANEL_ID") VALUES (3,3,NULL);
INSERT INTO "sample_profile" ("SAMPLE_ID","GENETIC_PROFILE_ID","PANEL_ID") VALUES (3,4,NULL);
INSERT INTO "sample_profile" ("SAMPLE_ID","GENETIC_PROFILE_ID","PANEL_ID") VALUES (3,6,NULL);
INSERT INTO "sample_profile" ("SAMPLE_ID","GENETIC_PROFILE_ID","PANEL_ID") VALUES (4,2,NULL);
INSERT INTO "sample_profile" ("SAMPLE_ID","GENETIC_PROFILE_ID","PANEL_ID") VALUES (4,4,NULL);
INSERT INTO "sample_profile" ("SAMPLE_ID","GENETIC_PROFILE_ID","PANEL_ID") VALUES (5,2,NULL);
INSERT INTO "sample_profile" ("SAMPLE_ID","GENETIC_PROFILE_ID","PANEL_ID") VALUES (5,4,NULL);
INSERT INTO "sample_profile" ("SAMPLE_ID","GENETIC_PROFILE_ID","PANEL_ID") VALUES (6,2,NULL);
INSERT INTO "sample_profile" ("SAMPLE_ID","GENETIC_PROFILE_ID","PANEL_ID") VALUES (6,3,NULL);
INSERT INTO "sample_profile" ("SAMPLE_ID","GENETIC_PROFILE_ID","PANEL_ID") VALUES (6,4,NULL);
INSERT INTO "sample_profile" ("SAMPLE_ID","GENETIC_PROFILE_ID","PANEL_ID") VALUES (6,6,NULL);
INSERT INTO "sample_profile" ("SAMPLE_ID","GENETIC_PROFILE_ID","PANEL_ID") VALUES (7,2,NULL);
INSERT INTO "sample_profile" ("SAMPLE_ID","GENETIC_PROFILE_ID","PANEL_ID") VALUES (7,4,NULL);
INSERT INTO "sample_profile" ("SAMPLE_ID","GENETIC_PROFILE_ID","PANEL_ID") VALUES (8,2,NULL);
INSERT INTO "sample_profile" ("SAMPLE_ID","GENETIC_PROFILE_ID","PANEL_ID") VALUES (8,3,NULL);
INSERT INTO "sample_profile" ("SAMPLE_ID","GENETIC_PROFILE_ID","PANEL_ID") VALUES (8,4,NULL);
INSERT INTO "sample_profile" ("SAMPLE_ID","GENETIC_PROFILE_ID","PANEL_ID") VALUES (8,6,NULL);
INSERT INTO "sample_profile" ("SAMPLE_ID","GENETIC_PROFILE_ID","PANEL_ID") VALUES (9,2,NULL);
INSERT INTO "sample_profile" ("SAMPLE_ID","GENETIC_PROFILE_ID","PANEL_ID") VALUES (9,3,NULL);
INSERT INTO "sample_profile" ("SAMPLE_ID","GENETIC_PROFILE_ID","PANEL_ID") VALUES (9,4,NULL);
INSERT INTO "sample_profile" ("SAMPLE_ID","GENETIC_PROFILE_ID","PANEL_ID") VALUES (9,6,NULL);
INSERT INTO "sample_profile" ("SAMPLE_ID","GENETIC_PROFILE_ID","PANEL_ID") VALUES (10,2,NULL);
INSERT INTO "sample_profile" ("SAMPLE_ID","GENETIC_PROFILE_ID","PANEL_ID") VALUES (10,3,NULL);
INSERT INTO "sample_profile" ("SAMPLE_ID","GENETIC_PROFILE_ID","PANEL_ID") VALUES (10,4,NULL);
INSERT INTO "sample_profile" ("SAMPLE_ID","GENETIC_PROFILE_ID","PANEL_ID") VALUES (10,6,NULL);
INSERT INTO "sample_profile" ("SAMPLE_ID","GENETIC_PROFILE_ID","PANEL_ID") VALUES (11,2,NULL);
INSERT INTO "sample_profile" ("SAMPLE_ID","GENETIC_PROFILE_ID","PANEL_ID") VALUES (11,4,NULL);
INSERT INTO "sample_profile" ("SAMPLE_ID","GENETIC_PROFILE_ID","PANEL_ID") VALUES (12,2,NULL);
INSERT INTO "sample_profile" ("SAMPLE_ID","GENETIC_PROFILE_ID","PANEL_ID") VALUES (12,3,NULL);
INSERT INTO "sample_profile" ("SAMPLE_ID","GENETIC_PROFILE_ID","PANEL_ID") VALUES (12,4,NULL);
INSERT INTO "sample_profile" ("SAMPLE_ID","GENETIC_PROFILE_ID","PANEL_ID") VALUES (12,6,NULL);
INSERT INTO "sample_profile" ("SAMPLE_ID","GENETIC_PROFILE_ID","PANEL_ID") VALUES (13,2,NULL);
INSERT INTO "sample_profile" ("SAMPLE_ID","GENETIC_PROFILE_ID","PANEL_ID") VALUES (13,3,NULL);
INSERT INTO "sample_profile" ("SAMPLE_ID","GENETIC_PROFILE_ID","PANEL_ID") VALUES (13,4,NULL);
INSERT INTO "sample_profile" ("SAMPLE_ID","GENETIC_PROFILE_ID","PANEL_ID") VALUES (14,2,NULL);
INSERT INTO "sample_profile" ("SAMPLE_ID","GENETIC_PROFILE_ID","PANEL_ID") VALUES (14,4,NULL);

-- uniprot_id_mapping
INSERT INTO "uniprot_id_mapping" ("UNIPROT_ACC","UNIPROT_ID","ENTREZ_GENE_ID") VALUES ('P31749','AKT1_HUMAN',207);
INSERT INTO "uniprot_id_mapping" ("UNIPROT_ACC","UNIPROT_ID","ENTREZ_GENE_ID") VALUES ('P31751','AKT2_HUMAN',208);
INSERT INTO "uniprot_id_mapping" ("UNIPROT_ACC","UNIPROT_ID","ENTREZ_GENE_ID") VALUES ('Q9Y243','AKT3_HUMAN',10000);
INSERT INTO "uniprot_id_mapping" ("UNIPROT_ACC","UNIPROT_ID","ENTREZ_GENE_ID") VALUES ('P10398','ARAF_HUMAN',369);
INSERT INTO "uniprot_id_mapping" ("UNIPROT_ACC","UNIPROT_ID","ENTREZ_GENE_ID") VALUES ('Q13315','ATM_HUMAN',472);
INSERT INTO "uniprot_id_mapping" ("UNIPROT_ACC","UNIPROT_ID","ENTREZ_GENE_ID") VALUES ('P15056','BRAF_HUMAN',673);
INSERT INTO "uniprot_id_mapping" ("UNIPROT_ACC","UNIPROT_ID","ENTREZ_GENE_ID") VALUES ('P38398','BRCA1_HUMAN',672);
INSERT INTO "uniprot_id_mapping" ("UNIPROT_ACC","UNIPROT_ID","ENTREZ_GENE_ID") VALUES ('P51587','BRCA2_HUMAN',675);
INSERT INTO "uniprot_id_mapping" ("UNIPROT_ACC","UNIPROT_ID","ENTREZ_GENE_ID") VALUES ('P01112','RASH_HUMAN',3265);
INSERT INTO "uniprot_id_mapping" ("UNIPROT_ACC","UNIPROT_ID","ENTREZ_GENE_ID") VALUES ('P01116','RASK_HUMAN',3845);
INSERT INTO "uniprot_id_mapping" ("UNIPROT_ACC","UNIPROT_ID","ENTREZ_GENE_ID") VALUES ('P01111','RASN_HUMAN',4893);

-- pfam_graphics
INSERT INTO "pfam_graphics" ("UNIPROT_ACC","JSON_DATA") VALUES ('P31749','[{\"length\":\"480\",\"regions\":[{\"modelStart\":\"1\",\"modelEnd\":\"102\",\"colour\":\"#2dcf00\",\"endStyle\":\"jagged\",\"end\":108,\"display\":true,\"startStyle\":\"curved\",\"aliEnd\":\"106\",\"modelLength\":\"104\",\"text\":\"PH\",\"href\":\"/family/PF00169\",\"type\":\"pfama\",\"metadata\":{\"scoreName\":\"e-value\",\"score\":\"7.7e-10\",\"description\":\"PH domain\",\"end\":\"108\",\"accession\":\"PF00169\",\"database\":\"pfam\",\"aliEnd\":\"106\",\"identifier\":\"PH\",\"type\":\"Domain\",\"aliStart\":\"6\",\"start\":\"6\"},\"aliStart\":\"6\",\"start\":6},{\"modelStart\":\"2\",\"modelEnd\":\"260\",\"colour\":\"#ff5353\",\"endStyle\":\"curved\",\"end\":\"408\",\"display\":true,\"startStyle\":\"jagged\",\"aliEnd\":\"408\",\"modelLength\":\"260\",\"text\":\"Pkinase\",\"href\":\"/family/PF00069\",\"type\":\"pfama\",\"metadata\":{\"scoreName\":\"e-value\",\"score\":\"1.2e-71\",\"description\":\"Protein kinase domain\",\"end\":\"408\",\"accession\":\"PF00069\",\"database\":\"pfam\",\"aliEnd\":\"408\",\"identifier\":\"Pkinase\",\"type\":\"Domain\",\"aliStart\":\"151\",\"start\":\"150\"},\"aliStart\":\"151\",\"start\":\"150\"},{\"modelStart\":\"1\",\"modelEnd\":\"45\",\"colour\":\"#5b5bff\",\"endStyle\":\"straight\",\"end\":\"477\",\"display\":true,\"startStyle\":\"straight\",\"aliEnd\":\"475\",\"modelLength\":\"48\",\"text\":\"Pkinase_C\",\"href\":\"/family/PF00433\",\"type\":\"pfama\",\"metadata\":{\"scoreName\":\"e-value\",\"score\":\"0.00051\",\"description\":\"Protein kinase C terminal domain\",\"end\":\"477\",\"accession\":\"PF00433\",\"database\":\"pfam\",\"aliEnd\":\"475\",\"identifier\":\"Pkinase_C\",\"type\":\"Family\",\"aliStart\":\"428\",\"start\":\"428\"},\"aliStart\":\"428\",\"start\":\"428\"}],\"markups\":[{\"lineColour\":\"#ff0000\",\"colour\":\"#aaaaaa\",\"end\":77,\"display\":true,\"v_align\":\"top\",\"metadata\":{\"database\":\"UniProt\",\"type\":\"disulphide\",\"start\":\"60\",\"end\":\"77\"},\"type\":\"disulphide\",\"start\":60},{\"lineColour\":\"#ff0000\",\"colour\":\"#aaaaaa\",\"end\":\"310\",\"display\":true,\"v_align\":\"top\",\"metadata\":{\"database\":\"UniProt\",\"type\":\"disulphide\",\"start\":\"296\",\"end\":\"310\"},\"type\":\"disulphide\",\"start\":\"296\"}],\"metadata\":{\"database\":\"uniprot\",\"identifier\":\"AKT1_HUMAN\",\"description\":\"RAC-alpha serine/threonine-protein kinase EC=2.7.11.1\",\"organism\":\"Homo sapiens (Human)\",\"accession\":\"P31749\",\"taxid\":\"9606\"},\"motifs\":[{\"colour\":\"#00ffff\",\"type\":\"disorder\",\"metadata\":{\"database\":\"IUPred\",\"type\":\"disorder\",\"start\":\"39\",\"end\":\"43\"},\"start\":39,\"end\":43,\"display\":false},{\"colour\":\"#00ffff\",\"type\":\"disorder\",\"metadata\":{\"database\":\"IUPred\",\"type\":\"disorder\",\"start\":\"47\",\"end\":\"50\"},\"start\":47,\"end\":50,\"display\":false},{\"colour\":\"#00ffff\",\"type\":\"disorder\",\"metadata\":{\"database\":\"IUPred\",\"type\":\"disorder\",\"start\":\"59\",\"end\":\"61\"},\"start\":59,\"end\":61,\"display\":false},{\"colour\":\"#00ffff\",\"type\":\"disorder\",\"metadata\":{\"database\":\"IUPred\",\"type\":\"disorder\",\"start\":\"101\",\"end\":\"106\"},\"start\":101,\"end\":106,\"display\":false},{\"colour\":\"#cccccc\",\"type\":\"disorder\",\"metadata\":{\"database\":\"IUPred\",\"type\":\"disorder\",\"start\":\"114\",\"end\":\"138\"},\"start\":114,\"end\":\"138\",\"display\":true},{\"colour\":\"#00ffff\",\"type\":\"disorder\",\"metadata\":{\"database\":\"IUPred\",\"type\":\"disorder\",\"start\":\"390\",\"end\":\"391\"},\"start\":\"390\",\"end\":\"391\",\"display\":false},{\"colour\":\"#00ffff\",\"type\":\"disorder\",\"metadata\":{\"database\":\"IUPred\",\"type\":\"disorder\",\"start\":\"393\",\"end\":\"396\"},\"start\":\"393\",\"end\":\"396\",\"display\":false},{\"colour\":\"#cccccc\",\"type\":\"disorder\",\"metadata\":{\"database\":\"IUPred\",\"type\":\"disorder\",\"start\":\"424\",\"end\":\"425\"},\"start\":\"424\",\"end\":\"425\",\"display\":true},{\"colour\":\"#00ffff\",\"type\":\"disorder\",\"metadata\":{\"database\":\"IUPred\",\"type\":\"disorder\",\"start\":\"448\",\"end\":\"464\"},\"start\":\"448\",\"end\":\"464\",\"display\":false},{\"colour\":\"#00ffff\",\"type\":\"disorder\",\"metadata\":{\"database\":\"IUPred\",\"type\":\"disorder\",\"start\":\"471\",\"end\":\"474\"},\"start\":\"471\",\"end\":\"474\",\"display\":false}]}]');
INSERT INTO "pfam_graphics" ("UNIPROT_ACC","JSON_DATA") VALUES ('P31751','[{\"length\":\"481\",\"regions\":[{\"modelStart\":\"1\",\"modelEnd\":\"102\",\"colour\":\"#2dcf00\",\"endStyle\":\"jagged\",\"end\":108,\"display\":true,\"startStyle\":\"curved\",\"aliEnd\":\"106\",\"modelLength\":\"104\",\"text\":\"PH\",\"href\":\"/family/PF00169\",\"type\":\"pfama\",\"metadata\":{\"scoreName\":\"e-value\",\"score\":\"1.5e-10\",\"description\":\"PH domain\",\"end\":\"108\",\"accession\":\"PF00169\",\"database\":\"pfam\",\"aliEnd\":\"106\",\"identifier\":\"PH\",\"type\":\"Domain\",\"aliStart\":\"6\",\"start\":\"6\"},\"aliStart\":\"6\",\"start\":6},{\"modelStart\":\"3\",\"modelEnd\":\"260\",\"colour\":\"#ff5353\",\"endStyle\":\"curved\",\"end\":\"409\",\"display\":true,\"startStyle\":\"jagged\",\"aliEnd\":\"409\",\"modelLength\":\"260\",\"text\":\"Pkinase\",\"href\":\"/family/PF00069\",\"type\":\"pfama\",\"metadata\":{\"scoreName\":\"e-value\",\"score\":\"1.1e-71\",\"description\":\"Protein kinase domain\",\"end\":\"409\",\"accession\":\"PF00069\",\"database\":\"pfam\",\"aliEnd\":\"409\",\"identifier\":\"Pkinase\",\"type\":\"Domain\",\"aliStart\":\"154\",\"start\":\"152\"},\"aliStart\":\"154\",\"start\":\"152\"},{\"modelStart\":\"1\",\"modelEnd\":\"45\",\"colour\":\"#5b5bff\",\"endStyle\":\"straight\",\"end\":\"478\",\"display\":true,\"startStyle\":\"straight\",\"aliEnd\":\"476\",\"modelLength\":\"48\",\"text\":\"Pkinase_C\",\"href\":\"/family/PF00433\",\"type\":\"pfama\",\"metadata\":{\"scoreName\":\"e-value\",\"score\":\"0.0013\",\"description\":\"Protein kinase C terminal domain\",\"end\":\"478\",\"accession\":\"PF00433\",\"database\":\"pfam\",\"aliEnd\":\"476\",\"identifier\":\"Pkinase_C\",\"type\":\"Family\",\"aliStart\":\"429\",\"start\":\"429\"},\"aliStart\":\"429\",\"start\":\"429\"}],\"markups\":[{\"lineColour\":\"#ff0000\",\"colour\":\"#aaaaaa\",\"end\":77,\"display\":true,\"v_align\":\"top\",\"metadata\":{\"database\":\"UniProt\",\"type\":\"disulphide\",\"start\":\"60\",\"end\":\"77\"},\"type\":\"disulphide\",\"start\":60},{\"lineColour\":\"#ff0000\",\"colour\":\"#aaaaaa\",\"end\":\"311\",\"display\":true,\"v_align\":\"top\",\"metadata\":{\"database\":\"UniProt\",\"type\":\"disulphide\",\"start\":\"297\",\"end\":\"311\"},\"type\":\"disulphide\",\"start\":\"297\"}],\"metadata\":{\"database\":\"uniprot\",\"identifier\":\"AKT2_HUMAN\",\"description\":\"RAC-beta serine/threonine-protein kinase EC=2.7.11.1\",\"organism\":\"Homo sapiens (Human)\",\"accession\":\"P31751\",\"taxid\":\"9606\"},\"motifs\":[{\"colour\":\"#00ffff\",\"type\":\"disorder\",\"metadata\":{\"database\":\"IUPred\",\"type\":\"disorder\",\"start\":\"39\",\"end\":\"43\"},\"start\":39,\"end\":43,\"display\":false},{\"colour\":\"#00ffff\",\"type\":\"disorder\",\"metadata\":{\"database\":\"IUPred\",\"type\":\"disorder\",\"start\":\"47\",\"end\":\"50\"},\"start\":47,\"end\":50,\"display\":false},{\"colour\":\"#00ffff\",\"type\":\"disorder\",\"metadata\":{\"database\":\"IUPred\",\"type\":\"disorder\",\"start\":\"60\",\"end\":\"61\"},\"start\":60,\"end\":61,\"display\":false},{\"colour\":\"#cccccc\",\"type\":\"disorder\",\"metadata\":{\"database\":\"IUPred\",\"type\":\"disorder\",\"start\":\"116\",\"end\":\"129\"},\"start\":116,\"end\":\"129\",\"display\":true},{\"colour\":\"#cccccc\",\"type\":\"disorder\",\"metadata\":{\"database\":\"IUPred\",\"type\":\"disorder\",\"start\":\"133\",\"end\":\"137\"},\"start\":\"133\",\"end\":\"137\",\"display\":true},{\"colour\":\"#cccccc\",\"type\":\"disorder\",\"metadata\":{\"database\":\"IUPred\",\"type\":\"disorder\",\"start\":\"139\",\"end\":\"140\"},\"start\":\"139\",\"end\":\"140\",\"display\":true},{\"colour\":\"#00ffff\",\"type\":\"disorder\",\"metadata\":{\"database\":\"IUPred\",\"type\":\"disorder\",\"start\":\"394\",\"end\":\"397\"},\"start\":\"394\",\"end\":\"397\",\"display\":false}]}]');
INSERT INTO "pfam_graphics" ("UNIPROT_ACC","JSON_DATA") VALUES ('P10398','[{\"length\":\"606\",\"regions\":[{\"modelStart\":\"2\",\"modelEnd\":\"71\",\"colour\":\"#2dcf00\",\"endStyle\":\"curved\",\"end\":91,\"display\":true,\"startStyle\":\"jagged\",\"aliEnd\":\"91\",\"modelLength\":\"71\",\"text\":\"RBD\",\"href\":\"/family/PF02196\",\"type\":\"pfama\",\"metadata\":{\"scoreName\":\"e-value\",\"score\":\"3.2e-25\",\"description\":\"Raf-like Ras-binding domain\",\"end\":\"91\",\"accession\":\"PF02196\",\"database\":\"pfam\",\"aliEnd\":\"91\",\"identifier\":\"RBD\",\"type\":\"Domain\",\"aliStart\":\"20\",\"start\":\"19\"},\"aliStart\":\"20\",\"start\":19},{\"modelStart\":\"1\",\"modelEnd\":\"51\",\"colour\":\"#ff5353\",\"endStyle\":\"straight\",\"end\":\"147\",\"display\":true,\"startStyle\":\"straight\",\"aliEnd\":\"145\",\"modelLength\":\"53\",\"text\":\"C1_1\",\"href\":\"/family/PF00130\",\"type\":\"pfama\",\"metadata\":{\"scoreName\":\"e-value\",\"score\":\"8.6e-07\",\"description\":\"Phorbol esters/diacylglycerol binding domain (C1 domain)\",\"end\":\"147\",\"accession\":\"PF00130\",\"database\":\"pfam\",\"aliEnd\":\"145\",\"identifier\":\"C1_1\",\"type\":\"Domain\",\"aliStart\":\"99\",\"start\":\"99\"},\"aliStart\":\"99\",\"start\":99},{\"modelStart\":\"2\",\"modelEnd\":\"257\",\"colour\":\"#5b5bff\",\"endStyle\":\"jagged\",\"end\":\"567\",\"display\":true,\"startStyle\":\"jagged\",\"aliEnd\":\"565\",\"modelLength\":\"259\",\"text\":\"Pkinase_Tyr\",\"href\":\"/family/PF07714\",\"type\":\"pfama\",\"metadata\":{\"scoreName\":\"e-value\",\"score\":\"1.2e-57\",\"description\":\"Protein tyrosine kinase\",\"end\":\"567\",\"accession\":\"PF07714\",\"database\":\"pfam\",\"aliEnd\":\"565\",\"identifier\":\"Pkinase_Tyr\",\"type\":\"Domain\",\"aliStart\":\"311\",\"start\":\"310\"},\"aliStart\":\"311\",\"start\":\"310\"}],\"markups\":[],\"metadata\":{\"database\":\"uniprot\",\"identifier\":\"ARAF_HUMAN\",\"description\":\"Serine/threonine-protein kinase A-Raf EC=2.7.11.1\",\"organism\":\"Homo sapiens (Human)\",\"accession\":\"P10398\",\"taxid\":\"9606\"},\"motifs\":[{\"colour\":\"#cccccc\",\"type\":\"disorder\",\"metadata\":{\"database\":\"IUPred\",\"type\":\"disorder\",\"start\":\"1\",\"end\":\"13\"},\"start\":1,\"end\":13,\"display\":true},{\"colour\":\"#cccccc\",\"type\":\"disorder\",\"metadata\":{\"database\":\"IUPred\",\"type\":\"disorder\",\"start\":\"156\",\"end\":\"290\"},\"start\":\"156\",\"end\":\"290\",\"display\":true},{\"colour\":\"#00ffff\",\"type\":\"disorder\",\"metadata\":{\"database\":\"IUPred\",\"type\":\"disorder\",\"start\":\"351\",\"end\":\"352\"},\"start\":\"351\",\"end\":\"352\",\"display\":false},{\"colour\":\"#cccccc\",\"type\":\"disorder\",\"metadata\":{\"database\":\"IUPred\",\"type\":\"disorder\",\"start\":\"581\",\"end\":\"582\"},\"start\":\"581\",\"end\":\"582\",\"display\":true}]}]');
INSERT INTO "pfam_graphics" ("UNIPROT_ACC","JSON_DATA") VALUES ('Q13315','[{\"length\":\"3056\",\"regions\":[{\"modelStart\":\"3\",\"modelEnd\":\"154\",\"colour\":\"#2dcf00\",\"endStyle\":\"jagged\",\"end\":\"166\",\"display\":true,\"startStyle\":\"jagged\",\"aliEnd\":\"165\",\"modelLength\":\"155\",\"text\":\"TAN\",\"href\":\"/family/PF11640\",\"type\":\"pfama\",\"metadata\":{\"scoreName\":\"e-value\",\"score\":\"1.5e-32\",\"description\":\"Telomere-length maintenance and DNA damage repair\",\"end\":\"166\",\"accession\":\"PF11640\",\"database\":\"pfam\",\"aliEnd\":\"165\",\"identifier\":\"TAN\",\"type\":\"Domain\",\"aliStart\":\"7\",\"start\":\"5\"},\"aliStart\":\"7\",\"start\":5},{\"modelStart\":\"2\",\"modelEnd\":\"351\",\"colour\":\"#ff5353\",\"endStyle\":\"jagged\",\"end\":\"2489\",\"display\":true,\"startStyle\":\"jagged\",\"aliEnd\":\"2488\",\"modelLength\":\"352\",\"text\":\"FAT\",\"href\":\"/family/PF02259\",\"type\":\"pfama\",\"metadata\":{\"scoreName\":\"e-value\",\"score\":\"2.2e-45\",\"description\":\"FAT domain\",\"end\":\"2489\",\"accession\":\"PF02259\",\"database\":\"pfam\",\"aliEnd\":\"2488\",\"identifier\":\"FAT\",\"type\":\"Family\",\"aliStart\":\"2097\",\"start\":\"2096\"},\"aliStart\":\"2097\",\"start\":\"2096\"},{\"modelStart\":\"4\",\"modelEnd\":\"234\",\"colour\":\"#5b5bff\",\"endStyle\":\"jagged\",\"end\":\"2962\",\"display\":true,\"startStyle\":\"jagged\",\"aliEnd\":\"2961\",\"modelLength\":\"235\",\"text\":\"PI3_PI4_kinase\",\"href\":\"/family/PF00454\",\"type\":\"pfama\",\"metadata\":{\"scoreName\":\"e-value\",\"score\":\"8.6e-42\",\"description\":\"Phosphatidylinositol 3- and 4-kinase\",\"end\":\"2962\",\"accession\":\"PF00454\",\"database\":\"pfam\",\"aliEnd\":\"2961\",\"identifier\":\"PI3_PI4_kinase\",\"type\":\"Family\",\"aliStart\":\"2714\",\"start\":\"2711\"},\"aliStart\":\"2714\",\"start\":\"2711\"},{\"modelStart\":\"2\",\"modelEnd\":\"32\",\"colour\":\"#ebd61d\",\"endStyle\":\"straight\",\"end\":\"3056\",\"display\":true,\"startStyle\":\"straight\",\"aliEnd\":\"3055\",\"modelLength\":\"33\",\"text\":\"FATC\",\"href\":\"/family/PF02260\",\"type\":\"pfama\",\"metadata\":{\"scoreName\":\"e-value\",\"score\":\"5.5e-08\",\"description\":\"FATC domain\",\"end\":\"3056\",\"accession\":\"PF02260\",\"database\":\"pfam\",\"aliEnd\":\"3055\",\"identifier\":\"FATC\",\"type\":\"Family\",\"aliStart\":\"3025\",\"start\":\"3024\"},\"aliStart\":\"3025\",\"start\":\"3024\"}],\"markups\":[],\"metadata\":{\"database\":\"uniprot\",\"identifier\":\"ATM_HUMAN\",\"description\":\"Serine-protein kinase ATM EC=2.7.11.1\",\"organism\":\"Homo sapiens (Human)\",\"accession\":\"Q13315\",\"taxid\":\"9606\"},\"motifs\":[{\"colour\":\"#00ffff\",\"type\":\"disorder\",\"metadata\":{\"database\":\"IUPred\",\"type\":\"disorder\",\"start\":\"41\",\"end\":\"42\"},\"start\":41,\"end\":42,\"display\":false},{\"colour\":\"#cccccc\",\"type\":\"disorder\",\"metadata\":{\"database\":\"IUPred\",\"type\":\"disorder\",\"start\":\"837\",\"end\":\"846\"},\"start\":\"837\",\"end\":\"846\",\"display\":true},{\"colour\":\"#00ffff\",\"type\":\"disorder\",\"metadata\":{\"database\":\"IUPred\",\"type\":\"disorder\",\"start\":\"863\",\"end\":\"874\"},\"start\":\"863\",\"end\":\"874\",\"display\":false},{\"colour\":\"#00ffff\",\"type\":\"disorder\",\"metadata\":{\"database\":\"IUPred\",\"type\":\"disorder\",\"start\":\"876\",\"end\":\"878\"},\"start\":\"876\",\"end\":\"878\",\"display\":false},{\"colour\":\"#00ffff\",\"type\":\"disorder\",\"metadata\":{\"database\":\"IUPred\",\"type\":\"disorder\",\"start\":\"1131\",\"end\":\"1132\"},\"start\":\"1131\",\"end\":\"1132\",\"display\":false},{\"colour\":\"#00ffff\",\"type\":\"disorder\",\"metadata\":{\"database\":\"IUPred\",\"type\":\"disorder\",\"start\":\"1135\",\"end\":\"1136\"},\"start\":\"1135\",\"end\":\"1136\",\"display\":false},{\"colour\":\"#00ffff\",\"type\":\"disorder\",\"metadata\":{\"database\":\"IUPred\",\"type\":\"disorder\",\"start\":\"1138\",\"end\":\"1139\"},\"start\":\"1138\",\"end\":\"1139\",\"display\":false},{\"colour\":\"#cccccc\",\"type\":\"disorder\",\"metadata\":{\"database\":\"IUPred\",\"type\":\"disorder\",\"start\":\"1972\",\"end\":\"1977\"},\"start\":\"1972\",\"end\":\"1977\",\"display\":true},{\"colour\":\"#cccccc\",\"type\":\"disorder\",\"metadata\":{\"database\":\"IUPred\",\"type\":\"disorder\",\"start\":\"1986\",\"end\":\"1989\"},\"start\":\"1986\",\"end\":\"1989\",\"display\":true},{\"colour\":\"#cccccc\",\"type\":\"disorder\",\"metadata\":{\"database\":\"IUPred\",\"type\":\"disorder\",\"start\":\"2582\",\"end\":\"2595\"},\"start\":\"2582\",\"end\":\"2595\",\"display\":true},{\"colour\":\"#00ffff\",\"type\":\"disorder\",\"metadata\":{\"database\":\"IUPred\",\"type\":\"disorder\",\"start\":\"2715\",\"end\":\"2716\"},\"start\":\"2715\",\"end\":\"2716\",\"display\":false},{\"colour\":\"#cccccc\",\"type\":\"disorder\",\"metadata\":{\"database\":\"IUPred\",\"type\":\"disorder\",\"start\":\"2978\",\"end\":\"2986\"},\"start\":\"2978\",\"end\":\"2986\",\"display\":true},{\"colour\":\"#00ffff\",\"type\":\"coiled_coil\",\"metadata\":{\"database\":\"ncoils\",\"type\":\"coiled_coil\",\"start\":\"1614\",\"end\":\"1634\"},\"start\":\"1614\",\"end\":\"1634\",\"display\":false},{\"colour\":\"#32cd32\",\"type\":\"coiled_coil\",\"metadata\":{\"database\":\"ncoils\",\"type\":\"coiled_coil\",\"start\":\"3003\",\"end\":\"3023\"},\"start\":\"3003\",\"end\":\"3023\",\"display\":true},{\"colour\":\"#86bcff\",\"type\":\"low_complexity\",\"metadata\":{\"database\":\"seg\",\"score\":\"2.2900\",\"type\":\"low_complexity\",\"start\":\"432\",\"end\":\"446\"},\"start\":\"432\",\"end\":\"446\",\"display\":true},{\"colour\":\"#00ffff\",\"type\":\"low_complexity\",\"metadata\":{\"database\":\"seg\",\"score\":\"2.1300\",\"type\":\"low_complexity\",\"start\":\"641\",\"end\":\"653\"},\"start\":\"641\",\"end\":\"653\",\"display\":false},{\"colour\":\"#00ffff\",\"type\":\"low_complexity\",\"metadata\":{\"database\":\"seg\",\"score\":\"2.2700\",\"type\":\"low_complexity\",\"start\":\"894\",\"end\":\"907\"},\"start\":\"894\",\"end\":\"907\",\"display\":false},{\"colour\":\"#00ffff\",\"type\":\"low_complexity\",\"metadata\":{\"database\":\"seg\",\"score\":\"2.4000\",\"type\":\"low_complexity\",\"start\":\"2443\",\"end\":\"2458\"},\"start\":\"2443\",\"end\":\"2458\",\"display\":false},{\"colour\":[\"#f0ff7f\",\"#7ff0ff\",\"#ff7ff0\"],\"href\":\"/pfamb/PB013450\",\"type\":\"pfamb\",\"metadata\":{\"database\":\"pfam\",\"identifier\":\"Pfam-B_13450\",\"type\":\"Pfam-B\",\"start\":\"602\",\"end\":\"830\",\"accession\":\"PB013450\"},\"start\":\"602\",\"end\":\"830\",\"display\":true},{\"colour\":[\"#7fff7f\",\"#7f7fff\",\"#ff7f7f\"],\"href\":\"/pfamb/PB017604\",\"type\":\"pfamb\",\"metadata\":{\"database\":\"pfam\",\"identifier\":\"Pfam-B_17604\",\"type\":\"Pfam-B\",\"start\":\"1819\",\"end\":\"1953\",\"accession\":\"PB017604\"},\"start\":\"1819\",\"end\":\"1953\",\"display\":true},{\"colour\":[\"#7ffff0\",\"#f07fff\",\"#fff07f\"],\"href\":\"/pfamb/PB016049\",\"type\":\"pfamb\",\"metadata\":{\"database\":\"pfam\",\"identifier\":\"Pfam-B_16049\",\"type\":\"Pfam-B\",\"start\":\"1715\",\"end\":\"1818\",\"accession\":\"PB016049\"},\"start\":\"1715\",\"end\":\"1818\",\"display\":true},{\"colour\":[\"#7f9dff\",\"#ff7f9d\",\"#9dff7f\"],\"href\":\"/pfamb/PB010220\",\"type\":\"pfamb\",\"metadata\":{\"database\":\"pfam\",\"identifier\":\"Pfam-B_10220\",\"type\":\"Pfam-B\",\"start\":\"1575\",\"end\":\"1713\",\"accession\":\"PB010220\"},\"start\":\"1575\",\"end\":\"1713\",\"display\":true},{\"colour\":[\"#d27fff\",\"#ffd27f\",\"#7fffd2\"],\"href\":\"/pfamb/PB003386\",\"type\":\"pfamb\",\"metadata\":{\"database\":\"pfam\",\"identifier\":\"Pfam-B_3386\",\"type\":\"Pfam-B\",\"start\":\"861\",\"end\":\"1458\",\"accession\":\"PB003386\"},\"start\":\"861\",\"end\":\"1458\",\"display\":true}]}]');
INSERT INTO "pfam_graphics" ("UNIPROT_ACC","JSON_DATA") VALUES ('P38398','[{\"length\":\"1863\",\"regions\":[{\"modelStart\":\"1\",\"modelEnd\":\"41\",\"colour\":\"#2dcf00\",\"endStyle\":\"straight\",\"end\":64,\"display\":true,\"startStyle\":\"straight\",\"aliEnd\":\"64\",\"modelLength\":\"41\",\"text\":\"zf-C3HC4\",\"href\":\"/family/PF00097\",\"type\":\"pfama\",\"metadata\":{\"scoreName\":\"e-value\",\"score\":\"6.6e-06\",\"description\":\"Zinc finger, C3HC4 type (RING finger)\",\"end\":\"64\",\"accession\":\"PF00097\",\"database\":\"pfam\",\"aliEnd\":\"64\",\"identifier\":\"zf-C3HC4\",\"type\":\"Domain\",\"aliStart\":\"24\",\"start\":\"24\"},\"aliStart\":\"24\",\"start\":24},{\"modelStart\":\"1\",\"modelEnd\":\"164\",\"colour\":\"#ff5353\",\"endStyle\":\"jagged\",\"end\":\"508\",\"display\":true,\"startStyle\":\"curved\",\"aliEnd\":\"507\",\"modelLength\":\"165\",\"text\":\"BRCT_assoc\",\"href\":\"/family/PF12820\",\"type\":\"pfama\",\"metadata\":{\"scoreName\":\"e-value\",\"score\":\"6.4e-83\",\"description\":\"Serine-rich domain associated with BRCT\",\"end\":\"508\",\"accession\":\"PF12820\",\"database\":\"pfam\",\"aliEnd\":\"507\",\"identifier\":\"BRCT_assoc\",\"type\":\"Domain\",\"aliStart\":\"344\",\"start\":\"344\"},\"aliStart\":\"344\",\"start\":\"344\"},{\"modelStart\":\"1\",\"modelEnd\":\"354\",\"colour\":\"#5b5bff\",\"endStyle\":\"curved\",\"end\":\"978\",\"display\":true,\"startStyle\":\"curved\",\"aliEnd\":\"978\",\"modelLength\":\"354\",\"text\":\"EIN3\",\"href\":\"/family/PF04873\",\"type\":\"pfama\",\"metadata\":{\"scoreName\":\"e-value\",\"score\":\"1.2e-89\",\"description\":\"Ethylene insensitive 3\",\"end\":\"978\",\"accession\":\"PF04873\",\"database\":\"pfam\",\"aliEnd\":\"978\",\"identifier\":\"EIN3\",\"type\":\"Family\",\"aliStart\":\"648\",\"start\":\"648\"},\"aliStart\":\"648\",\"start\":\"648\"},{\"modelStart\":\"24\",\"modelEnd\":\"78\",\"colour\":\"#ebd61d\",\"endStyle\":\"curved\",\"end\":\"1723\",\"display\":true,\"startStyle\":\"jagged\",\"aliEnd\":\"1723\",\"modelLength\":\"78\",\"text\":\"BRCT\",\"href\":\"/family/PF00533\",\"type\":\"pfama\",\"metadata\":{\"scoreName\":\"e-value\",\"score\":\"0.00016\",\"description\":\"BRCA1 C Terminus (BRCT) domain\",\"end\":\"1723\",\"accession\":\"PF00533\",\"database\":\"pfam\",\"aliEnd\":\"1723\",\"identifier\":\"BRCT\",\"type\":\"Family\",\"aliStart\":\"1662\",\"start\":\"1648\"},\"aliStart\":\"1662\",\"start\":\"1648\"},{\"modelStart\":\"2\",\"modelEnd\":\"78\",\"colour\":\"#ebd61d\",\"endStyle\":\"curved\",\"end\":\"1842\",\"display\":true,\"startStyle\":\"jagged\",\"aliEnd\":\"1842\",\"modelLength\":\"78\",\"text\":\"BRCT\",\"href\":\"/family/PF00533\",\"type\":\"pfama\",\"metadata\":{\"scoreName\":\"e-value\",\"score\":\"3.3e-05\",\"description\":\"BRCA1 C Terminus (BRCT) domain\",\"end\":\"1842\",\"accession\":\"PF00533\",\"database\":\"pfam\",\"aliEnd\":\"1842\",\"identifier\":\"BRCT\",\"type\":\"Family\",\"aliStart\":\"1757\",\"start\":\"1756\"},\"aliStart\":\"1757\",\"start\":\"1756\"}],\"markups\":[],\"metadata\":{\"database\":\"uniprot\",\"identifier\":\"BRCA1_HUMAN\",\"description\":\"Breast cancer type 1 susceptibility protein EC=6.3.2.-\",\"organism\":\"Homo sapiens (Human)\",\"accession\":\"P38398\",\"taxid\":\"9606\"},\"motifs\":[{\"colour\":\"#cccccc\",\"type\":\"disorder\",\"metadata\":{\"database\":\"IUPred\",\"type\":\"disorder\",\"start\":\"135\",\"end\":\"153\"},\"start\":\"135\",\"end\":\"153\",\"display\":true},{\"colour\":\"#cccccc\",\"type\":\"disorder\",\"metadata\":{\"database\":\"IUPred\",\"type\":\"disorder\",\"start\":\"163\",\"end\":\"168\"},\"start\":\"163\",\"end\":\"168\",\"display\":true},{\"colour\":\"#cccccc\",\"type\":\"disorder\",\"metadata\":{\"database\":\"IUPred\",\"type\":\"disorder\",\"start\":\"176\",\"end\":\"184\"},\"start\":\"176\",\"end\":\"184\",\"display\":true},{\"colour\":\"#cccccc\",\"type\":\"disorder\",\"metadata\":{\"database\":\"IUPred\",\"type\":\"disorder\",\"start\":\"191\",\"end\":\"195\"},\"start\":\"191\",\"end\":\"195\",\"display\":true},{\"colour\":\"#cccccc\",\"type\":\"disorder\",\"metadata\":{\"database\":\"IUPred\",\"type\":\"disorder\",\"start\":\"202\",\"end\":\"204\"},\"start\":\"202\",\"end\":\"204\",\"display\":true},{\"colour\":\"#cccccc\",\"type\":\"disorder\",\"metadata\":{\"database\":\"IUPred\",\"type\":\"disorder\",\"start\":\"207\",\"end\":\"216\"},\"start\":\"207\",\"end\":\"216\",\"display\":true},{\"colour\":\"#cccccc\",\"type\":\"disorder\",\"metadata\":{\"database\":\"IUPred\",\"type\":\"disorder\",\"start\":\"218\",\"end\":\"221\"},\"start\":\"218\",\"end\":\"221\",\"display\":true},{\"colour\":\"#cccccc\",\"type\":\"disorder\",\"metadata\":{\"database\":\"IUPred\",\"type\":\"disorder\",\"start\":\"227\",\"end\":\"293\"},\"start\":\"227\",\"end\":\"293\",\"display\":true},{\"colour\":\"#cccccc\",\"type\":\"disorder\",\"metadata\":{\"database\":\"IUPred\",\"type\":\"disorder\",\"start\":\"301\",\"end\":\"346\"},\"start\":\"301\",\"end\":343,\"display\":true},{\"colour\":\"#00ffff\",\"type\":\"disorder\",\"metadata\":{\"database\":\"IUPred\",\"type\":\"disorder\",\"start\":\"353\",\"end\":\"367\"},\"start\":\"353\",\"end\":\"367\",\"display\":false},{\"colour\":\"#00ffff\",\"type\":\"disorder\",\"metadata\":{\"database\":\"IUPred\",\"type\":\"disorder\",\"start\":\"371\",\"end\":\"373\"},\"start\":\"371\",\"end\":\"373\",\"display\":false},{\"colour\":\"#00ffff\",\"type\":\"disorder\",\"metadata\":{\"database\":\"IUPred\",\"type\":\"disorder\",\"start\":\"390\",\"end\":\"410\"},\"start\":\"390\",\"end\":\"410\",\"display\":false},{\"colour\":\"#00ffff\",\"type\":\"disorder\",\"metadata\":{\"database\":\"IUPred\",\"type\":\"disorder\",\"start\":\"426\",\"end\":\"428\"},\"start\":\"426\",\"end\":\"428\",\"display\":false},{\"colour\":\"#00ffff\",\"type\":\"disorder\",\"metadata\":{\"database\":\"IUPred\",\"type\":\"disorder\",\"start\":\"443\",\"end\":\"444\"},\"start\":\"443\",\"end\":\"444\",\"display\":false},{\"colour\":\"#cccccc\",\"type\":\"disorder\",\"metadata\":{\"database\":\"IUPred\",\"type\":\"disorder\",\"start\":\"494\",\"end\":\"629\"},\"start\":545,\"end\":\"629\",\"display\":true},{\"colour\":\"#cccccc\",\"type\":\"disorder\",\"metadata\":{\"database\":\"IUPred\",\"type\":\"disorder\",\"start\":\"631\",\"end\":\"632\"},\"start\":\"631\",\"end\":\"632\",\"display\":true},{\"colour\":\"#cccccc\",\"type\":\"disorder\",\"metadata\":{\"database\":\"IUPred\",\"type\":\"disorder\",\"start\":\"636\",\"end\":\"643\"},\"start\":\"636\",\"end\":642,\"display\":true},{\"colour\":\"#00ffff\",\"type\":\"disorder\",\"metadata\":{\"database\":\"IUPred\",\"type\":\"disorder\",\"start\":\"647\",\"end\":\"706\"},\"start\":\"647\",\"end\":647,\"display\":false},{\"colour\":\"#00ffff\",\"type\":\"disorder\",\"metadata\":{\"database\":\"IUPred\",\"type\":\"disorder\",\"start\":\"708\",\"end\":\"709\"},\"start\":\"708\",\"end\":\"709\",\"display\":false},{\"colour\":\"#00ffff\",\"type\":\"disorder\",\"metadata\":{\"database\":\"IUPred\",\"type\":\"disorder\",\"start\":\"713\",\"end\":\"714\"},\"start\":\"713\",\"end\":\"714\",\"display\":false},{\"colour\":\"#00ffff\",\"type\":\"disorder\",\"metadata\":{\"database\":\"IUPred\",\"type\":\"disorder\",\"start\":\"718\",\"end\":\"776\"},\"start\":\"718\",\"end\":\"776\",\"display\":false},{\"colour\":\"#00ffff\",\"type\":\"disorder\",\"metadata\":{\"database\":\"IUPred\",\"type\":\"disorder\",\"start\":\"782\",\"end\":\"783\"},\"start\":\"782\",\"end\":\"783\",\"display\":false},{\"colour\":\"#00ffff\",\"type\":\"disorder\",\"metadata\":{\"database\":\"IUPred\",\"type\":\"disorder\",\"start\":\"786\",\"end\":\"789\"},\"start\":\"786\",\"end\":\"789\",\"display\":false},{\"colour\":\"#00ffff\",\"type\":\"disorder\",\"metadata\":{\"database\":\"IUPred\",\"type\":\"disorder\",\"start\":\"816\",\"end\":\"821\"},\"start\":\"816\",\"end\":\"821\",\"display\":false},{\"colour\":\"#00ffff\",\"type\":\"disorder\",\"metadata\":{\"database\":\"IUPred\",\"type\":\"disorder\",\"start\":\"825\",\"end\":\"851\"},\"start\":\"825\",\"end\":\"851\",\"display\":false},{\"colour\":\"#00ffff\",\"type\":\"disorder\",\"metadata\":{\"database\":\"IUPred\",\"type\":\"disorder\",\"start\":\"856\",\"end\":\"857\"},\"start\":\"856\",\"end\":\"857\",\"display\":false},{\"colour\":\"#00ffff\",\"type\":\"disorder\",\"metadata\":{\"database\":\"IUPred\",\"type\":\"disorder\",\"start\":\"868\",\"end\":\"870\"},\"start\":\"868\",\"end\":\"870\",\"display\":false},{\"colour\":\"#00ffff\",\"type\":\"disorder\",\"metadata\":{\"database\":\"IUPred\",\"type\":\"disorder\",\"start\":\"872\",\"end\":\"873\"},\"start\":\"872\",\"end\":\"873\",\"display\":false},{\"colour\":\"#00ffff\",\"type\":\"disorder\",\"metadata\":{\"database\":\"IUPred\",\"type\":\"disorder\",\"start\":\"880\",\"end\":\"881\"},\"start\":\"880\",\"end\":\"881\",\"display\":false},{\"colour\":\"#00ffff\",\"type\":\"disorder\",\"metadata\":{\"database\":\"IUPred\",\"type\":\"disorder\",\"start\":\"883\",\"end\":\"887\"},\"start\":\"883\",\"end\":\"887\",\"display\":false},{\"colour\":\"#00ffff\",\"type\":\"disorder\",\"metadata\":{\"database\":\"IUPred\",\"type\":\"disorder\",\"start\":\"896\",\"end\":\"920\"},\"start\":\"896\",\"end\":\"920\",\"display\":false},{\"colour\":\"#00ffff\",\"type\":\"disorder\",\"metadata\":{\"database\":\"IUPred\",\"type\":\"disorder\",\"start\":\"927\",\"end\":\"932\"},\"start\":\"927\",\"end\":\"932\",\"display\":false},{\"colour\":\"#00ffff\",\"type\":\"disorder\",\"metadata\":{\"database\":\"IUPred\",\"type\":\"disorder\",\"start\":\"964\",\"end\":\"972\"},\"start\":\"964\",\"end\":\"972\",\"display\":false},{\"colour\":\"#cccccc\",\"type\":\"disorder\",\"metadata\":{\"database\":\"IUPred\",\"type\":\"disorder\",\"start\":\"1000\",\"end\":\"1027\"},\"start\":\"1000\",\"end\":\"1027\",\"display\":true},{\"colour\":\"#cccccc\",\"type\":\"disorder\",\"metadata\":{\"database\":\"IUPred\",\"type\":\"disorder\",\"start\":\"1030\",\"end\":\"1032\"},\"start\":\"1030\",\"end\":\"1032\",\"display\":true},{\"colour\":\"#cccccc\",\"type\":\"disorder\",\"metadata\":{\"database\":\"IUPred\",\"type\":\"disorder\",\"start\":\"1034\",\"end\":\"1035\"},\"start\":\"1034\",\"end\":\"1035\",\"display\":true},{\"colour\":\"#cccccc\",\"type\":\"disorder\",\"metadata\":{\"database\":\"IUPred\",\"type\":\"disorder\",\"start\":\"1037\",\"end\":\"1076\"},\"start\":\"1037\",\"end\":\"1076\",\"display\":true},{\"colour\":\"#cccccc\",\"type\":\"disorder\",\"metadata\":{\"database\":\"IUPred\",\"type\":\"disorder\",\"start\":\"1080\",\"end\":\"1081\"},\"start\":\"1080\",\"end\":\"1081\",\"display\":true},{\"colour\":\"#cccccc\",\"type\":\"disorder\",\"metadata\":{\"database\":\"IUPred\",\"type\":\"disorder\",\"start\":\"1095\",\"end\":\"1116\"},\"start\":\"1095\",\"end\":\"1116\",\"display\":true},{\"colour\":\"#cccccc\",\"type\":\"disorder\",\"metadata\":{\"database\":\"IUPred\",\"type\":\"disorder\",\"start\":\"1127\",\"end\":\"1165\"},\"start\":\"1127\",\"end\":\"1165\",\"display\":true},{\"colour\":\"#cccccc\",\"type\":\"disorder\",\"metadata\":{\"database\":\"IUPred\",\"type\":\"disorder\",\"start\":\"1185\",\"end\":\"1218\"},\"start\":\"1185\",\"end\":1208,\"display\":true},{\"colour\":\"#cccccc\",\"type\":\"disorder\",\"metadata\":{\"database\":\"IUPred\",\"type\":\"disorder\",\"start\":\"1242\",\"end\":\"1251\"},\"start\":\"1242\",\"end\":\"1251\",\"display\":true},{\"colour\":\"#cccccc\",\"type\":\"disorder\",\"metadata\":{\"database\":\"IUPred\",\"type\":\"disorder\",\"start\":\"1277\",\"end\":\"1279\"},\"start\":\"1277\",\"end\":\"1279\",\"display\":true},{\"colour\":\"#cccccc\",\"type\":\"disorder\",\"metadata\":{\"database\":\"IUPred\",\"type\":\"disorder\",\"start\":\"1281\",\"end\":\"1282\"},\"start\":\"1281\",\"end\":\"1282\",\"display\":true},{\"colour\":\"#cccccc\",\"type\":\"disorder\",\"metadata\":{\"database\":\"IUPred\",\"type\":\"disorder\",\"start\":\"1308\",\"end\":\"1309\"},\"start\":\"1308\",\"end\":\"1309\",\"display\":true},{\"colour\":\"#cccccc\",\"type\":\"disorder\",\"metadata\":{\"database\":\"IUPred\",\"type\":\"disorder\",\"start\":\"1311\",\"end\":\"1505\"},\"start\":1494,\"end\":\"1505\",\"display\":true},{\"colour\":\"#cccccc\",\"type\":\"disorder\",\"metadata\":{\"database\":\"IUPred\",\"type\":\"disorder\",\"start\":\"1507\",\"end\":\"1508\"},\"start\":\"1507\",\"end\":\"1508\",\"display\":true},{\"colour\":\"#cccccc\",\"type\":\"disorder\",\"metadata\":{\"database\":\"IUPred\",\"type\":\"disorder\",\"start\":\"1512\",\"end\":\"1517\"},\"start\":\"1512\",\"end\":\"1517\",\"display\":true},{\"colour\":\"#cccccc\",\"type\":\"disorder\",\"metadata\":{\"database\":\"IUPred\",\"type\":\"disorder\",\"start\":\"1519\",\"end\":\"1559\"},\"start\":\"1519\",\"end\":\"1559\",\"display\":true},{\"colour\":\"#cccccc\",\"type\":\"disorder\",\"metadata\":{\"database\":\"IUPred\",\"type\":\"disorder\",\"start\":\"1563\",\"end\":\"1596\"},\"start\":1588,\"end\":\"1596\",\"display\":true},{\"colour\":\"#cccccc\",\"type\":\"disorder\",\"metadata\":{\"database\":\"IUPred\",\"type\":\"disorder\",\"start\":\"1601\",\"end\":\"1645\"},\"start\":\"1601\",\"end\":\"1645\",\"display\":true},{\"colour\":\"#00ffff\",\"type\":\"disorder\",\"metadata\":{\"database\":\"IUPred\",\"type\":\"disorder\",\"start\":\"1647\",\"end\":\"1648\"},\"start\":\"1647\",\"end\":1647,\"display\":false},{\"colour\":\"#cccccc\",\"type\":\"disorder\",\"metadata\":{\"database\":\"IUPred\",\"type\":\"disorder\",\"start\":\"1740\",\"end\":\"1741\"},\"start\":\"1740\",\"end\":\"1741\",\"display\":true},{\"colour\":\"#cccccc\",\"type\":\"disorder\",\"metadata\":{\"database\":\"IUPred\",\"type\":\"disorder\",\"start\":\"1745\",\"end\":\"1749\"},\"start\":\"1745\",\"end\":\"1749\",\"display\":true},{\"colour\":\"#cccccc\",\"type\":\"disorder\",\"metadata\":{\"database\":\"IUPred\",\"type\":\"disorder\",\"start\":\"1751\",\"end\":\"1752\"},\"start\":\"1751\",\"end\":\"1752\",\"display\":true},{\"colour\":\"#00ffff\",\"type\":\"transmembrane\",\"metadata\":{\"database\":\"Phobius\",\"type\":\"transmembrane\",\"start\":\"1701\",\"end\":\"1719\"},\"start\":\"1701\",\"end\":\"1719\",\"display\":false},{\"colour\":\"#32cd32\",\"type\":\"coiled_coil\",\"metadata\":{\"database\":\"ncoils\",\"type\":\"coiled_coil\",\"start\":\"1253\",\"end\":\"1273\"},\"start\":\"1253\",\"end\":\"1273\",\"display\":true},{\"colour\":\"#32cd32\",\"type\":\"coiled_coil\",\"metadata\":{\"database\":\"ncoils\",\"type\":\"coiled_coil\",\"start\":\"1397\",\"end\":\"1424\"},\"start\":\"1397\",\"end\":1403,\"display\":true},{\"colour\":\"#00ffff\",\"type\":\"low_complexity\",\"metadata\":{\"database\":\"seg\",\"score\":\"2.1900\",\"type\":\"low_complexity\",\"start\":\"394\",\"end\":\"405\"},\"start\":\"394\",\"end\":\"405\",\"display\":false},{\"colour\":\"#86bcff\",\"type\":\"low_complexity\",\"metadata\":{\"database\":\"seg\",\"score\":\"2.1900\",\"type\":\"low_complexity\",\"start\":\"533\",\"end\":\"544\"},\"start\":\"533\",\"end\":\"544\",\"display\":true},{\"colour\":\"#86bcff\",\"type\":\"low_complexity\",\"metadata\":{\"database\":\"seg\",\"score\":\"2.0800\",\"type\":\"low_complexity\",\"start\":\"643\",\"end\":\"654\"},\"start\":\"643\",\"end\":647,\"display\":true},{\"colour\":\"#00ffff\",\"type\":\"low_complexity\",\"metadata\":{\"database\":\"seg\",\"score\":\"1.3000\",\"type\":\"low_complexity\",\"start\":\"729\",\"end\":\"736\"},\"start\":\"729\",\"end\":\"736\",\"display\":false},{\"colour\":\"#86bcff\",\"type\":\"low_complexity\",\"metadata\":{\"database\":\"seg\",\"score\":\"2.0200\",\"type\":\"low_complexity\",\"start\":\"1209\",\"end\":\"1223\"},\"start\":\"1209\",\"end\":\"1223\",\"display\":true},{\"colour\":\"#00ffff\",\"type\":\"low_complexity\",\"metadata\":{\"database\":\"seg\",\"score\":\"2.4400\",\"type\":\"low_complexity\",\"start\":\"1254\",\"end\":\"1268\"},\"start\":\"1254\",\"end\":\"1268\",\"display\":false},{\"colour\":\"#00ffff\",\"type\":\"low_complexity\",\"metadata\":{\"database\":\"seg\",\"score\":\"2.2000\",\"type\":\"low_complexity\",\"start\":\"1425\",\"end\":\"1437\"},\"start\":\"1425\",\"end\":\"1437\",\"display\":false},{\"colour\":\"#86bcff\",\"type\":\"low_complexity\",\"metadata\":{\"database\":\"seg\",\"score\":\"2.4100\",\"type\":\"low_complexity\",\"start\":\"1572\",\"end\":\"1587\"},\"start\":\"1572\",\"end\":\"1587\",\"display\":true},{\"colour\":\"#00ffff\",\"type\":\"low_complexity\",\"metadata\":{\"database\":\"seg\",\"score\":\"2.4100\",\"type\":\"low_complexity\",\"start\":\"1673\",\"end\":\"1686\"},\"start\":\"1673\",\"end\":\"1686\",\"display\":false},{\"colour\":[\"#86ff7f\",\"#7f88ff\",\"#ff7f87\"],\"href\":\"/pfamb/PB017893\",\"type\":\"pfamb\",\"metadata\":{\"database\":\"pfam\",\"identifier\":\"Pfam-B_17893\",\"type\":\"Pfam-B\",\"start\":\"1404\",\"end\":\"1493\",\"accession\":\"PB017893\"},\"start\":\"1404\",\"end\":\"1493\",\"display\":true},{\"colour\":\"#00ffff\",\"metadata\":{\"database\":\"IUPred\",\"type\":\"disorder\",\"start\":\"1311\",\"end\":\"1505\"},\"type\":\"disorder\",\"display\":false,\"end\":1403,\"start\":1404},{\"colour\":\"#cccccc\",\"metadata\":{\"database\":\"IUPred\",\"type\":\"disorder\",\"start\":\"1311\",\"end\":\"1505\"},\"type\":\"disorder\",\"display\":true,\"end\":1396,\"start\":\"1311\"},{\"colour\":\"#cccccc\",\"metadata\":{\"database\":\"IUPred\",\"type\":\"disorder\",\"start\":\"494\",\"end\":\"629\"},\"type\":\"disorder\",\"display\":true,\"end\":532,\"start\":509},{\"colour\":\"#cccccc\",\"metadata\":{\"database\":\"IUPred\",\"type\":\"disorder\",\"start\":\"1563\",\"end\":\"1596\"},\"type\":\"disorder\",\"display\":true,\"end\":1571,\"start\":\"1563\"}]}]');
INSERT INTO "pfam_graphics" ("UNIPROT_ACC","JSON_DATA") VALUES ('P15056','[{\"length\":\"766\",\"regions\":[{\"modelStart\":\"2\",\"modelEnd\":\"71\",\"colour\":\"#2dcf00\",\"endStyle\":\"curved\",\"end\":\"227\",\"display\":true,\"startStyle\":\"jagged\",\"aliEnd\":\"227\",\"modelLength\":\"71\",\"text\":\"RBD\",\"href\":\"/family/PF02196\",\"type\":\"pfama\",\"metadata\":{\"scoreName\":\"e-value\",\"score\":\"5.8e-27\",\"description\":\"Raf-like Ras-binding domain\",\"end\":\"227\",\"accession\":\"PF02196\",\"database\":\"pfam\",\"aliEnd\":\"227\",\"identifier\":\"RBD\",\"type\":\"Domain\",\"aliStart\":\"156\",\"start\":\"155\"},\"aliStart\":\"156\",\"start\":\"155\"},{\"modelStart\":\"1\",\"modelEnd\":\"50\",\"colour\":\"#ff5353\",\"endStyle\":\"straight\",\"end\":\"282\",\"display\":true,\"startStyle\":\"straight\",\"aliEnd\":\"280\",\"modelLength\":\"53\",\"text\":\"C1_1\",\"href\":\"/family/PF00130\",\"type\":\"pfama\",\"metadata\":{\"scoreName\":\"e-value\",\"score\":\"2.3e-08\",\"description\":\"Phorbol esters/diacylglycerol binding domain (C1 domain)\",\"end\":\"282\",\"accession\":\"PF00130\",\"database\":\"pfam\",\"aliEnd\":\"280\",\"identifier\":\"C1_1\",\"type\":\"Domain\",\"aliStart\":\"235\",\"start\":\"235\"},\"aliStart\":\"235\",\"start\":\"235\"},{\"modelStart\":\"2\",\"modelEnd\":\"257\",\"colour\":\"#5b5bff\",\"endStyle\":\"jagged\",\"end\":\"714\",\"display\":true,\"startStyle\":\"jagged\",\"aliEnd\":\"712\",\"modelLength\":\"259\",\"text\":\"Pkinase_Tyr\",\"href\":\"/family/PF07714\",\"type\":\"pfama\",\"metadata\":{\"scoreName\":\"e-value\",\"score\":\"4.4e-61\",\"description\":\"Protein tyrosine kinase\",\"end\":\"714\",\"accession\":\"PF07714\",\"database\":\"pfam\",\"aliEnd\":\"712\",\"identifier\":\"Pkinase_Tyr\",\"type\":\"Domain\",\"aliStart\":\"458\",\"start\":\"457\"},\"aliStart\":\"458\",\"start\":\"457\"}],\"markups\":[],\"metadata\":{\"database\":\"uniprot\",\"identifier\":\"BRAF_HUMAN\",\"description\":\"Serine/threonine-protein kinase B-raf EC=2.7.11.1\",\"organism\":\"Homo sapiens (Human)\",\"accession\":\"P15056\",\"taxid\":\"0\"},\"motifs\":[{\"colour\":\"#cccccc\",\"type\":\"disorder\",\"metadata\":{\"database\":\"IUPred\",\"type\":\"disorder\",\"start\":\"2\",\"end\":\"7\"},\"start\":2,\"end\":5,\"display\":true},{\"colour\":\"#cccccc\",\"type\":\"disorder\",\"metadata\":{\"database\":\"IUPred\",\"type\":\"disorder\",\"start\":\"9\",\"end\":\"38\"},\"start\":12,\"end\":26,\"display\":true},{\"colour\":\"#cccccc\",\"type\":\"disorder\",\"metadata\":{\"database\":\"IUPred\",\"type\":\"disorder\",\"start\":\"64\",\"end\":\"67\"},\"start\":64,\"end\":67,\"display\":true},{\"colour\":\"#00ffff\",\"type\":\"disorder\",\"metadata\":{\"database\":\"IUPred\",\"type\":\"disorder\",\"start\":\"96\",\"end\":\"97\"},\"start\":96,\"end\":97,\"display\":false},{\"colour\":\"#cccccc\",\"type\":\"disorder\",\"metadata\":{\"database\":\"IUPred\",\"type\":\"disorder\",\"start\":\"103\",\"end\":\"105\"},\"start\":103,\"end\":105,\"display\":true},{\"colour\":\"#00ffff\",\"type\":\"disorder\",\"metadata\":{\"database\":\"IUPred\",\"type\":\"disorder\",\"start\":\"111\",\"end\":\"116\"},\"start\":111,\"end\":116,\"display\":false},{\"colour\":\"#00ffff\",\"type\":\"disorder\",\"metadata\":{\"database\":\"IUPred\",\"type\":\"disorder\",\"start\":\"122\",\"end\":\"123\"},\"start\":122,\"end\":123,\"display\":false},{\"colour\":\"#cccccc\",\"type\":\"disorder\",\"metadata\":{\"database\":\"IUPred\",\"type\":\"disorder\",\"start\":\"141\",\"end\":\"149\"},\"start\":\"141\",\"end\":\"149\",\"display\":true},{\"colour\":\"#cccccc\",\"type\":\"disorder\",\"metadata\":{\"database\":\"IUPred\",\"type\":\"disorder\",\"start\":\"305\",\"end\":\"377\"},\"start\":344,\"end\":\"377\",\"display\":true},{\"colour\":\"#cccccc\",\"type\":\"disorder\",\"metadata\":{\"database\":\"IUPred\",\"type\":\"disorder\",\"start\":\"380\",\"end\":\"456\"},\"start\":433,\"end\":\"456\",\"display\":true},{\"colour\":\"#32cd32\",\"type\":\"coiled_coil\",\"metadata\":{\"database\":\"ncoils\",\"type\":\"coiled_coil\",\"start\":\"82\",\"end\":\"102\"},\"start\":82,\"end\":102,\"display\":true},{\"colour\":\"#86bcff\",\"type\":\"low_complexity\",\"metadata\":{\"database\":\"seg\",\"type\":\"low_complexity\",\"start\":\"6\",\"end\":\"11\"},\"start\":6,\"end\":11,\"display\":true},{\"colour\":\"#86bcff\",\"type\":\"low_complexity\",\"metadata\":{\"database\":\"seg\",\"score\":\"1.3300\",\"type\":\"low_complexity\",\"start\":\"27\",\"end\":\"39\"},\"start\":27,\"end\":39,\"display\":true},{\"colour\":\"#00ffff\",\"type\":\"low_complexity\",\"metadata\":{\"database\":\"seg\",\"score\":\"2.0800\",\"type\":\"low_complexity\",\"start\":\"92\",\"end\":\"103\"},\"start\":103,\"end\":103,\"display\":false},{\"colour\":\"#86bcff\",\"type\":\"low_complexity\",\"metadata\":{\"database\":\"seg\",\"score\":\"2.1900\",\"type\":\"low_complexity\",\"start\":\"110\",\"end\":\"137\"},\"start\":110,\"end\":\"137\",\"display\":true},{\"colour\":\"#86bcff\",\"type\":\"low_complexity\",\"metadata\":{\"database\":\"seg\",\"score\":\"2.2900\",\"type\":\"low_complexity\",\"start\":\"314\",\"end\":\"328\"},\"start\":\"314\",\"end\":\"328\",\"display\":true},{\"colour\":\"#86bcff\",\"type\":\"low_complexity\",\"metadata\":{\"database\":\"seg\",\"score\":\"1.8200\",\"type\":\"low_complexity\",\"start\":\"333\",\"end\":\"343\"},\"start\":\"333\",\"end\":\"343\",\"display\":true},{\"colour\":\"#86bcff\",\"type\":\"low_complexity\",\"metadata\":{\"database\":\"seg\",\"type\":\"low_complexity\",\"start\":\"428\",\"end\":\"432\"},\"start\":\"428\",\"end\":\"432\",\"display\":true},{\"colour\":\"#cccccc\",\"metadata\":{\"database\":\"IUPred\",\"type\":\"disorder\",\"start\":\"305\",\"end\":\"377\"},\"type\":\"disorder\",\"display\":true,\"end\":313,\"start\":\"305\"},{\"colour\":\"#cccccc\",\"metadata\":{\"database\":\"IUPred\",\"type\":\"disorder\",\"start\":\"305\",\"end\":\"377\"},\"type\":\"disorder\",\"display\":true,\"end\":332,\"start\":329},{\"colour\":\"#cccccc\",\"metadata\":{\"database\":\"IUPred\",\"type\":\"disorder\",\"start\":\"380\",\"end\":\"456\"},\"type\":\"disorder\",\"display\":true,\"end\":427,\"start\":\"380\"}]}]');
INSERT INTO "pfam_graphics" ("UNIPROT_ACC","JSON_DATA") VALUES ('P51587','[{\"length\":\"3418\",\"regions\":[{\"modelStart\":\"1\",\"modelEnd\":\"35\",\"colour\":\"#2dcf00\",\"endStyle\":\"straight\",\"end\":\"1036\",\"display\":true,\"startStyle\":\"straight\",\"aliEnd\":\"1036\",\"modelLength\":\"35\",\"text\":\"BRCA2\",\"href\":\"/family/PF00634\",\"type\":\"pfama\",\"metadata\":{\"scoreName\":\"e-value\",\"score\":\"8.9e-09\",\"description\":\"BRCA2 repeat\",\"end\":\"1036\",\"accession\":\"PF00634\",\"database\":\"pfam\",\"aliEnd\":\"1036\",\"identifier\":\"BRCA2\",\"type\":\"Family\",\"aliStart\":\"1002\",\"start\":\"1002\"},\"aliStart\":\"1002\",\"start\":\"1002\"},{\"modelStart\":\"1\",\"modelEnd\":\"35\",\"colour\":\"#2dcf00\",\"endStyle\":\"straight\",\"end\":\"1246\",\"display\":true,\"startStyle\":\"straight\",\"aliEnd\":\"1246\",\"modelLength\":\"35\",\"text\":\"BRCA2\",\"href\":\"/family/PF00634\",\"type\":\"pfama\",\"metadata\":{\"scoreName\":\"e-value\",\"score\":\"1.9e-08\",\"description\":\"BRCA2 repeat\",\"end\":\"1246\",\"accession\":\"PF00634\",\"database\":\"pfam\",\"aliEnd\":\"1246\",\"identifier\":\"BRCA2\",\"type\":\"Family\",\"aliStart\":\"1212\",\"start\":\"1212\"},\"aliStart\":\"1212\",\"start\":\"1212\"},{\"modelStart\":\"1\",\"modelEnd\":\"34\",\"colour\":\"#2dcf00\",\"endStyle\":\"straight\",\"end\":\"1455\",\"display\":true,\"startStyle\":\"straight\",\"aliEnd\":\"1454\",\"modelLength\":\"35\",\"text\":\"BRCA2\",\"href\":\"/family/PF00634\",\"type\":\"pfama\",\"metadata\":{\"scoreName\":\"e-value\",\"score\":\"6.7e-08\",\"description\":\"BRCA2 repeat\",\"end\":\"1455\",\"accession\":\"PF00634\",\"database\":\"pfam\",\"aliEnd\":\"1454\",\"identifier\":\"BRCA2\",\"type\":\"Family\",\"aliStart\":\"1421\",\"start\":\"1421\"},\"aliStart\":\"1421\",\"start\":\"1421\"},{\"modelStart\":\"1\",\"modelEnd\":\"34\",\"colour\":\"#2dcf00\",\"endStyle\":\"straight\",\"end\":\"1551\",\"display\":true,\"startStyle\":\"straight\",\"aliEnd\":\"1550\",\"modelLength\":\"35\",\"text\":\"BRCA2\",\"href\":\"/family/PF00634\",\"type\":\"pfama\",\"metadata\":{\"scoreName\":\"e-value\",\"score\":\"2.6e-10\",\"description\":\"BRCA2 repeat\",\"end\":\"1551\",\"accession\":\"PF00634\",\"database\":\"pfam\",\"aliEnd\":\"1550\",\"identifier\":\"BRCA2\",\"type\":\"Family\",\"aliStart\":\"1517\",\"start\":\"1517\"},\"aliStart\":\"1517\",\"start\":\"1517\"},{\"modelStart\":\"1\",\"modelEnd\":\"33\",\"colour\":\"#2dcf00\",\"endStyle\":\"straight\",\"end\":\"1698\",\"display\":true,\"startStyle\":\"straight\",\"aliEnd\":\"1696\",\"modelLength\":\"35\",\"text\":\"BRCA2\",\"href\":\"/family/PF00634\",\"type\":\"pfama\",\"metadata\":{\"scoreName\":\"e-value\",\"score\":\"3.9e-08\",\"description\":\"BRCA2 repeat\",\"end\":\"1698\",\"accession\":\"PF00634\",\"database\":\"pfam\",\"aliEnd\":\"1696\",\"identifier\":\"BRCA2\",\"type\":\"Family\",\"aliStart\":\"1664\",\"start\":\"1664\"},\"aliStart\":\"1664\",\"start\":\"1664\"},{\"modelStart\":\"1\",\"modelEnd\":\"33\",\"colour\":\"#2dcf00\",\"endStyle\":\"straight\",\"end\":\"1871\",\"display\":true,\"startStyle\":\"straight\",\"aliEnd\":\"1869\",\"modelLength\":\"35\",\"text\":\"BRCA2\",\"href\":\"/family/PF00634\",\"type\":\"pfama\",\"metadata\":{\"scoreName\":\"e-value\",\"score\":\"6.3e-08\",\"description\":\"BRCA2 repeat\",\"end\":\"1871\",\"accession\":\"PF00634\",\"database\":\"pfam\",\"aliEnd\":\"1869\",\"identifier\":\"BRCA2\",\"type\":\"Family\",\"aliStart\":\"1837\",\"start\":\"1837\"},\"aliStart\":\"1837\",\"start\":\"1837\"},{\"modelStart\":\"2\",\"modelEnd\":\"35\",\"colour\":\"#2dcf00\",\"endStyle\":\"straight\",\"end\":\"2005\",\"display\":true,\"startStyle\":\"straight\",\"aliEnd\":\"2005\",\"modelLength\":\"35\",\"text\":\"BRCA2\",\"href\":\"/family/PF00634\",\"type\":\"pfama\",\"metadata\":{\"scoreName\":\"e-value\",\"score\":\"2e-10\",\"description\":\"BRCA2 repeat\",\"end\":\"2005\",\"accession\":\"PF00634\",\"database\":\"pfam\",\"aliEnd\":\"2005\",\"identifier\":\"BRCA2\",\"type\":\"Family\",\"aliStart\":\"1972\",\"start\":\"1971\"},\"aliStart\":\"1972\",\"start\":\"1971\"},{\"modelStart\":\"1\",\"modelEnd\":\"34\",\"colour\":\"#2dcf00\",\"endStyle\":\"straight\",\"end\":\"2085\",\"display\":true,\"startStyle\":\"straight\",\"aliEnd\":\"2084\",\"modelLength\":\"35\",\"text\":\"BRCA2\",\"href\":\"/family/PF00634\",\"type\":\"pfama\",\"metadata\":{\"scoreName\":\"e-value\",\"score\":\"3.3e-08\",\"description\":\"BRCA2 repeat\",\"end\":\"2085\",\"accession\":\"PF00634\",\"database\":\"pfam\",\"aliEnd\":\"2084\",\"identifier\":\"BRCA2\",\"type\":\"Family\",\"aliStart\":\"2051\",\"start\":\"2051\"},\"aliStart\":\"2051\",\"start\":\"2051\"},{\"modelStart\":\"1\",\"modelEnd\":\"195\",\"colour\":\"#ff5353\",\"endStyle\":\"curved\",\"end\":\"2667\",\"display\":true,\"startStyle\":\"curved\",\"aliEnd\":\"2667\",\"modelLength\":\"195\",\"text\":\"BRCA-2_helical\",\"href\":\"/family/PF09169\",\"type\":\"pfama\",\"metadata\":{\"scoreName\":\"e-value\",\"score\":\"1.5e-98\",\"description\":\"BRCA2, helical\",\"end\":\"2667\",\"accession\":\"PF09169\",\"database\":\"pfam\",\"aliEnd\":\"2667\",\"identifier\":\"BRCA-2_helical\",\"type\":\"Domain\",\"aliStart\":\"2479\",\"start\":\"2479\"},\"aliStart\":\"2479\",\"start\":\"2479\"},{\"modelStart\":\"1\",\"modelEnd\":\"117\",\"colour\":\"#5b5bff\",\"endStyle\":\"jagged\",\"end\":\"2800\",\"display\":true,\"startStyle\":\"curved\",\"aliEnd\":\"2799\",\"modelLength\":\"118\",\"text\":\"BRCA-2_OB1\",\"href\":\"/family/PF09103\",\"type\":\"pfama\",\"metadata\":{\"scoreName\":\"e-value\",\"score\":\"1.3e-39\",\"description\":\"BRCA2, oligonucleotide/oligosaccharide-binding, domain 1\",\"end\":\"2800\",\"accession\":\"PF09103\",\"database\":\"pfam\",\"aliEnd\":\"2799\",\"identifier\":\"BRCA-2_OB1\",\"type\":\"Domain\",\"aliStart\":\"2670\",\"start\":\"2670\"},\"aliStart\":\"2670\",\"start\":\"2670\"},{\"modelStart\":\"1\",\"modelEnd\":\"42\",\"colour\":\"#ebd61d\",\"endStyle\":\"straight\",\"end\":\"2872\",\"display\":true,\"startStyle\":\"straight\",\"aliEnd\":\"2872\",\"modelLength\":\"42\",\"text\":\"Tower\",\"href\":\"/family/PF09121\",\"type\":\"pfama\",\"metadata\":{\"scoreName\":\"e-value\",\"score\":\"4.9e-19\",\"description\":\"Tower\",\"end\":\"2872\",\"accession\":\"PF09121\",\"database\":\"pfam\",\"aliEnd\":\"2872\",\"identifier\":\"Tower\",\"type\":\"Domain\",\"aliStart\":\"2831\",\"start\":\"2831\"},\"aliStart\":\"2831\",\"start\":\"2831\"},{\"modelStart\":\"1\",\"modelEnd\":\"143\",\"colour\":\"#ba21e0\",\"endStyle\":\"curved\",\"end\":\"3190\",\"display\":true,\"startStyle\":\"curved\",\"aliEnd\":\"3190\",\"modelLength\":\"143\",\"text\":\"BRCA-2_OB3\",\"href\":\"/family/PF09104\",\"type\":\"pfama\",\"metadata\":{\"scoreName\":\"e-value\",\"score\":\"2.7e-60\",\"description\":\"BRCA2, oligonucleotide/oligosaccharide-binding, domain 3\",\"end\":\"3190\",\"accession\":\"PF09104\",\"database\":\"pfam\",\"aliEnd\":\"3190\",\"identifier\":\"BRCA-2_OB3\",\"type\":\"Domain\",\"aliStart\":\"3052\",\"start\":\"3052\"},\"aliStart\":\"3052\",\"start\":\"3052\"}],\"markups\":[],\"metadata\":{\"database\":\"uniprot\",\"identifier\":\"BRCA2_HUMAN\",\"description\":\"Breast cancer type 2 susceptibility protein\",\"organism\":\"Homo sapiens (Human)\",\"accession\":\"P51587\",\"taxid\":\"9606\"},\"motifs\":[{\"colour\":\"#cccccc\",\"type\":\"disorder\",\"metadata\":{\"database\":\"IUPred\",\"type\":\"disorder\",\"start\":\"38\",\"end\":\"68\"},\"start\":38,\"end\":68,\"display\":true},{\"colour\":\"#cccccc\",\"type\":\"disorder\",\"metadata\":{\"database\":\"IUPred\",\"type\":\"disorder\",\"start\":\"73\",\"end\":\"74\"},\"start\":73,\"end\":74,\"display\":true},{\"colour\":\"#cccccc\",\"type\":\"disorder\",\"metadata\":{\"database\":\"IUPred\",\"type\":\"disorder\",\"start\":\"102\",\"end\":\"104\"},\"start\":102,\"end\":104,\"display\":true},{\"colour\":\"#cccccc\",\"type\":\"disorder\",\"metadata\":{\"database\":\"IUPred\",\"type\":\"disorder\",\"start\":\"112\",\"end\":\"123\"},\"start\":112,\"end\":123,\"display\":true},{\"colour\":\"#cccccc\",\"type\":\"disorder\",\"metadata\":{\"database\":\"IUPred\",\"type\":\"disorder\",\"start\":\"176\",\"end\":\"187\"},\"start\":\"176\",\"end\":\"187\",\"display\":true},{\"colour\":\"#cccccc\",\"type\":\"disorder\",\"metadata\":{\"database\":\"IUPred\",\"type\":\"disorder\",\"start\":\"191\",\"end\":\"197\"},\"start\":\"191\",\"end\":192,\"display\":true},{\"colour\":\"#cccccc\",\"type\":\"disorder\",\"metadata\":{\"database\":\"IUPred\",\"type\":\"disorder\",\"start\":\"205\",\"end\":\"209\"},\"start\":208,\"end\":\"209\",\"display\":true},{\"colour\":\"#cccccc\",\"type\":\"disorder\",\"metadata\":{\"database\":\"IUPred\",\"type\":\"disorder\",\"start\":\"220\",\"end\":\"221\"},\"start\":\"220\",\"end\":\"221\",\"display\":true},{\"colour\":\"#cccccc\",\"type\":\"disorder\",\"metadata\":{\"database\":\"IUPred\",\"type\":\"disorder\",\"start\":\"232\",\"end\":\"234\"},\"start\":\"232\",\"end\":\"234\",\"display\":true},{\"colour\":\"#cccccc\",\"type\":\"disorder\",\"metadata\":{\"database\":\"IUPred\",\"type\":\"disorder\",\"start\":\"244\",\"end\":\"267\"},\"start\":\"244\",\"end\":\"267\",\"display\":true},{\"colour\":\"#cccccc\",\"type\":\"disorder\",\"metadata\":{\"database\":\"IUPred\",\"type\":\"disorder\",\"start\":\"277\",\"end\":\"279\"},\"start\":\"277\",\"end\":\"279\",\"display\":true},{\"colour\":\"#cccccc\",\"type\":\"disorder\",\"metadata\":{\"database\":\"IUPred\",\"type\":\"disorder\",\"start\":\"290\",\"end\":\"291\"},\"start\":\"290\",\"end\":\"291\",\"display\":true},{\"colour\":\"#cccccc\",\"type\":\"disorder\",\"metadata\":{\"database\":\"IUPred\",\"type\":\"disorder\",\"start\":\"293\",\"end\":\"296\"},\"start\":\"293\",\"end\":\"296\",\"display\":true},{\"colour\":\"#cccccc\",\"type\":\"disorder\",\"metadata\":{\"database\":\"IUPred\",\"type\":\"disorder\",\"start\":\"326\",\"end\":\"329\"},\"start\":\"326\",\"end\":\"329\",\"display\":true},{\"colour\":\"#cccccc\",\"type\":\"disorder\",\"metadata\":{\"database\":\"IUPred\",\"type\":\"disorder\",\"start\":\"334\",\"end\":\"336\"},\"start\":\"334\",\"end\":\"336\",\"display\":true},{\"colour\":\"#cccccc\",\"type\":\"disorder\",\"metadata\":{\"database\":\"IUPred\",\"type\":\"disorder\",\"start\":\"352\",\"end\":\"379\"},\"start\":\"352\",\"end\":\"379\",\"display\":true},{\"colour\":\"#cccccc\",\"type\":\"disorder\",\"metadata\":{\"database\":\"IUPred\",\"type\":\"disorder\",\"start\":\"425\",\"end\":\"427\"},\"start\":\"425\",\"end\":\"427\",\"display\":true},{\"colour\":\"#cccccc\",\"type\":\"disorder\",\"metadata\":{\"database\":\"IUPred\",\"type\":\"disorder\",\"start\":\"430\",\"end\":\"437\"},\"start\":\"430\",\"end\":\"437\",\"display\":true},{\"colour\":\"#cccccc\",\"type\":\"disorder\",\"metadata\":{\"database\":\"IUPred\",\"type\":\"disorder\",\"start\":\"439\",\"end\":\"471\"},\"start\":\"439\",\"end\":\"471\",\"display\":true},{\"colour\":\"#cccccc\",\"type\":\"disorder\",\"metadata\":{\"database\":\"IUPred\",\"type\":\"disorder\",\"start\":\"516\",\"end\":\"534\"},\"start\":\"516\",\"end\":\"534\",\"display\":true},{\"colour\":\"#cccccc\",\"type\":\"disorder\",\"metadata\":{\"database\":\"IUPred\",\"type\":\"disorder\",\"start\":\"540\",\"end\":\"541\"},\"start\":\"540\",\"end\":\"541\",\"display\":true},{\"colour\":\"#cccccc\",\"type\":\"disorder\",\"metadata\":{\"database\":\"IUPred\",\"type\":\"disorder\",\"start\":\"558\",\"end\":\"560\"},\"start\":\"558\",\"end\":\"560\",\"display\":true},{\"colour\":\"#cccccc\",\"type\":\"disorder\",\"metadata\":{\"database\":\"IUPred\",\"type\":\"disorder\",\"start\":\"644\",\"end\":\"645\"},\"start\":\"644\",\"end\":\"645\",\"display\":true},{\"colour\":\"#00ffff\",\"type\":\"disorder\",\"metadata\":{\"database\":\"IUPred\",\"type\":\"disorder\",\"start\":\"713\",\"end\":\"714\"},\"start\":\"713\",\"end\":\"714\",\"display\":false},{\"colour\":\"#00ffff\",\"type\":\"disorder\",\"metadata\":{\"database\":\"IUPred\",\"type\":\"disorder\",\"start\":\"722\",\"end\":\"724\"},\"start\":\"722\",\"end\":\"724\",\"display\":false},{\"colour\":\"#00ffff\",\"type\":\"disorder\",\"metadata\":{\"database\":\"IUPred\",\"type\":\"disorder\",\"start\":\"794\",\"end\":\"801\"},\"start\":\"794\",\"end\":\"801\",\"display\":false},{\"colour\":\"#00ffff\",\"type\":\"disorder\",\"metadata\":{\"database\":\"IUPred\",\"type\":\"disorder\",\"start\":\"803\",\"end\":\"811\"},\"start\":\"803\",\"end\":\"811\",\"display\":false},{\"colour\":\"#00ffff\",\"type\":\"disorder\",\"metadata\":{\"database\":\"IUPred\",\"type\":\"disorder\",\"start\":\"835\",\"end\":\"837\"},\"start\":\"835\",\"end\":\"837\",\"display\":false},{\"colour\":\"#00ffff\",\"type\":\"disorder\",\"metadata\":{\"database\":\"IUPred\",\"type\":\"disorder\",\"start\":\"844\",\"end\":\"847\"},\"start\":\"844\",\"end\":\"847\",\"display\":false},{\"colour\":\"#00ffff\",\"type\":\"disorder\",\"metadata\":{\"database\":\"IUPred\",\"type\":\"disorder\",\"start\":\"853\",\"end\":\"858\"},\"start\":\"853\",\"end\":\"858\",\"display\":false},{\"colour\":\"#00ffff\",\"type\":\"disorder\",\"metadata\":{\"database\":\"IUPred\",\"type\":\"disorder\",\"start\":\"860\",\"end\":\"863\"},\"start\":\"860\",\"end\":\"863\",\"display\":false},{\"colour\":\"#00ffff\",\"type\":\"disorder\",\"metadata\":{\"database\":\"IUPred\",\"type\":\"disorder\",\"start\":\"868\",\"end\":\"878\"},\"start\":\"868\",\"end\":\"878\",\"display\":false},{\"colour\":\"#00ffff\",\"type\":\"disorder\",\"metadata\":{\"database\":\"IUPred\",\"type\":\"disorder\",\"start\":\"902\",\"end\":\"905\"},\"start\":\"902\",\"end\":\"905\",\"display\":false},{\"colour\":\"#00ffff\",\"type\":\"disorder\",\"metadata\":{\"database\":\"IUPred\",\"type\":\"disorder\",\"start\":\"962\",\"end\":\"963\"},\"start\":\"962\",\"end\":\"963\",\"display\":false},{\"colour\":\"#cccccc\",\"type\":\"disorder\",\"metadata\":{\"database\":\"IUPred\",\"type\":\"disorder\",\"start\":\"1097\",\"end\":\"1098\"},\"start\":\"1097\",\"end\":\"1098\",\"display\":true},{\"colour\":\"#cccccc\",\"type\":\"disorder\",\"metadata\":{\"database\":\"IUPred\",\"type\":\"disorder\",\"start\":\"1102\",\"end\":\"1105\"},\"start\":\"1102\",\"end\":\"1105\",\"display\":true},{\"colour\":\"#cccccc\",\"type\":\"disorder\",\"metadata\":{\"database\":\"IUPred\",\"type\":\"disorder\",\"start\":\"1108\",\"end\":\"1110\"},\"start\":\"1108\",\"end\":\"1110\",\"display\":true},{\"colour\":\"#cccccc\",\"type\":\"disorder\",\"metadata\":{\"database\":\"IUPred\",\"type\":\"disorder\",\"start\":\"1153\",\"end\":\"1155\"},\"start\":\"1153\",\"end\":\"1155\",\"display\":true},{\"colour\":\"#cccccc\",\"type\":\"disorder\",\"metadata\":{\"database\":\"IUPred\",\"type\":\"disorder\",\"start\":\"1252\",\"end\":\"1253\"},\"start\":\"1252\",\"end\":\"1253\",\"display\":true},{\"colour\":\"#cccccc\",\"type\":\"disorder\",\"metadata\":{\"database\":\"IUPred\",\"type\":\"disorder\",\"start\":\"1255\",\"end\":\"1256\"},\"start\":\"1255\",\"end\":\"1256\",\"display\":true},{\"colour\":\"#cccccc\",\"type\":\"disorder\",\"metadata\":{\"database\":\"IUPred\",\"type\":\"disorder\",\"start\":\"1305\",\"end\":\"1337\"},\"start\":\"1305\",\"end\":\"1337\",\"display\":true},{\"colour\":\"#cccccc\",\"type\":\"disorder\",\"metadata\":{\"database\":\"IUPred\",\"type\":\"disorder\",\"start\":\"1400\",\"end\":\"1416\"},\"start\":\"1400\",\"end\":\"1416\",\"display\":true},{\"colour\":\"#cccccc\",\"type\":\"disorder\",\"metadata\":{\"database\":\"IUPred\",\"type\":\"disorder\",\"start\":\"1461\",\"end\":\"1464\"},\"start\":\"1461\",\"end\":\"1464\",\"display\":true},{\"colour\":\"#cccccc\",\"type\":\"disorder\",\"metadata\":{\"database\":\"IUPred\",\"type\":\"disorder\",\"start\":\"1501\",\"end\":\"1510\"},\"start\":\"1501\",\"end\":\"1510\",\"display\":true},{\"colour\":\"#00ffff\",\"type\":\"disorder\",\"metadata\":{\"database\":\"IUPred\",\"type\":\"disorder\",\"start\":\"1517\",\"end\":\"1520\"},\"start\":\"1517\",\"end\":\"1520\",\"display\":false},{\"colour\":\"#cccccc\",\"type\":\"disorder\",\"metadata\":{\"database\":\"IUPred\",\"type\":\"disorder\",\"start\":\"1602\",\"end\":\"1603\"},\"start\":\"1602\",\"end\":\"1603\",\"display\":true},{\"colour\":\"#cccccc\",\"type\":\"disorder\",\"metadata\":{\"database\":\"IUPred\",\"type\":\"disorder\",\"start\":\"1648\",\"end\":\"1651\"},\"start\":\"1648\",\"end\":\"1651\",\"display\":true},{\"colour\":\"#cccccc\",\"type\":\"disorder\",\"metadata\":{\"database\":\"IUPred\",\"type\":\"disorder\",\"start\":\"1709\",\"end\":\"1711\"},\"start\":\"1709\",\"end\":\"1711\",\"display\":true},{\"colour\":\"#cccccc\",\"type\":\"disorder\",\"metadata\":{\"database\":\"IUPred\",\"type\":\"disorder\",\"start\":\"1722\",\"end\":\"1739\"},\"start\":\"1722\",\"end\":\"1739\",\"display\":true},{\"colour\":\"#00ffff\",\"type\":\"disorder\",\"metadata\":{\"database\":\"IUPred\",\"type\":\"disorder\",\"start\":\"1743\",\"end\":\"1744\"},\"start\":\"1743\",\"end\":\"1744\",\"display\":false},{\"colour\":\"#cccccc\",\"type\":\"disorder\",\"metadata\":{\"database\":\"IUPred\",\"type\":\"disorder\",\"start\":\"1774\",\"end\":\"1775\"},\"start\":\"1774\",\"end\":\"1775\",\"display\":true},{\"colour\":\"#cccccc\",\"type\":\"disorder\",\"metadata\":{\"database\":\"IUPred\",\"type\":\"disorder\",\"start\":\"2025\",\"end\":\"2033\"},\"start\":\"2025\",\"end\":\"2033\",\"display\":true},{\"colour\":\"#cccccc\",\"type\":\"disorder\",\"metadata\":{\"database\":\"IUPred\",\"type\":\"disorder\",\"start\":\"2097\",\"end\":\"2100\"},\"start\":\"2097\",\"end\":\"2100\",\"display\":true},{\"colour\":\"#cccccc\",\"type\":\"disorder\",\"metadata\":{\"database\":\"IUPred\",\"type\":\"disorder\",\"start\":\"2102\",\"end\":\"2114\"},\"start\":\"2102\",\"end\":\"2114\",\"display\":true},{\"colour\":\"#cccccc\",\"type\":\"disorder\",\"metadata\":{\"database\":\"IUPred\",\"type\":\"disorder\",\"start\":\"2116\",\"end\":\"2120\"},\"start\":\"2116\",\"end\":\"2120\",\"display\":true},{\"colour\":\"#cccccc\",\"type\":\"disorder\",\"metadata\":{\"database\":\"IUPred\",\"type\":\"disorder\",\"start\":\"2137\",\"end\":\"2139\"},\"start\":\"2137\",\"end\":\"2139\",\"display\":true},{\"colour\":\"#00ffff\",\"type\":\"disorder\",\"metadata\":{\"database\":\"IUPred\",\"type\":\"disorder\",\"start\":\"2141\",\"end\":\"2144\"},\"start\":\"2141\",\"end\":\"2144\",\"display\":false},{\"colour\":\"#00ffff\",\"type\":\"disorder\",\"metadata\":{\"database\":\"IUPred\",\"type\":\"disorder\",\"start\":\"2149\",\"end\":\"2153\"},\"start\":\"2149\",\"end\":\"2153\",\"display\":false},{\"colour\":\"#00ffff\",\"type\":\"disorder\",\"metadata\":{\"database\":\"IUPred\",\"type\":\"disorder\",\"start\":\"2185\",\"end\":\"2188\"},\"start\":\"2185\",\"end\":\"2188\",\"display\":false},{\"colour\":\"#00ffff\",\"type\":\"disorder\",\"metadata\":{\"database\":\"IUPred\",\"type\":\"disorder\",\"start\":\"2190\",\"end\":\"2197\"},\"start\":\"2190\",\"end\":\"2197\",\"display\":false},{\"colour\":\"#00ffff\",\"type\":\"disorder\",\"metadata\":{\"database\":\"IUPred\",\"type\":\"disorder\",\"start\":\"2241\",\"end\":\"2242\"},\"start\":\"2241\",\"end\":\"2242\",\"display\":false},{\"colour\":\"#00ffff\",\"type\":\"disorder\",\"metadata\":{\"database\":\"IUPred\",\"type\":\"disorder\",\"start\":\"2246\",\"end\":\"2252\"},\"start\":\"2246\",\"end\":\"2252\",\"display\":false},{\"colour\":\"#00ffff\",\"type\":\"disorder\",\"metadata\":{\"database\":\"IUPred\",\"type\":\"disorder\",\"start\":\"2256\",\"end\":\"2257\"},\"start\":\"2256\",\"end\":\"2257\",\"display\":false},{\"colour\":\"#00ffff\",\"type\":\"disorder\",\"metadata\":{\"database\":\"IUPred\",\"type\":\"disorder\",\"start\":\"2264\",\"end\":\"2267\"},\"start\":\"2264\",\"end\":\"2267\",\"display\":false},{\"colour\":\"#00ffff\",\"type\":\"disorder\",\"metadata\":{\"database\":\"IUPred\",\"type\":\"disorder\",\"start\":\"2300\",\"end\":\"2311\"},\"start\":\"2300\",\"end\":\"2311\",\"display\":false},{\"colour\":\"#00ffff\",\"type\":\"disorder\",\"metadata\":{\"database\":\"IUPred\",\"type\":\"disorder\",\"start\":\"2336\",\"end\":\"2339\"},\"start\":\"2336\",\"end\":\"2339\",\"display\":false},{\"colour\":\"#00ffff\",\"type\":\"disorder\",\"metadata\":{\"database\":\"IUPred\",\"type\":\"disorder\",\"start\":\"2341\",\"end\":\"2351\"},\"start\":\"2341\",\"end\":\"2351\",\"display\":false},{\"colour\":\"#00ffff\",\"type\":\"disorder\",\"metadata\":{\"database\":\"IUPred\",\"type\":\"disorder\",\"start\":\"2379\",\"end\":\"2384\"},\"start\":\"2379\",\"end\":\"2384\",\"display\":false},{\"colour\":\"#00ffff\",\"type\":\"disorder\",\"metadata\":{\"database\":\"IUPred\",\"type\":\"disorder\",\"start\":\"2388\",\"end\":\"2404\"},\"start\":\"2388\",\"end\":\"2404\",\"display\":false},{\"colour\":\"#00ffff\",\"type\":\"disorder\",\"metadata\":{\"database\":\"IUPred\",\"type\":\"disorder\",\"start\":\"2407\",\"end\":\"2410\"},\"start\":\"2407\",\"end\":\"2410\",\"display\":false},{\"colour\":\"#00ffff\",\"type\":\"disorder\",\"metadata\":{\"database\":\"IUPred\",\"type\":\"disorder\",\"start\":\"2421\",\"end\":\"2425\"},\"start\":\"2421\",\"end\":\"2425\",\"display\":false},{\"colour\":\"#00ffff\",\"type\":\"disorder\",\"metadata\":{\"database\":\"IUPred\",\"type\":\"disorder\",\"start\":\"2427\",\"end\":\"2458\"},\"start\":2449,\"end\":\"2458\",\"display\":false},{\"colour\":\"#00ffff\",\"type\":\"disorder\",\"metadata\":{\"database\":\"IUPred\",\"type\":\"disorder\",\"start\":\"2460\",\"end\":\"2461\"},\"start\":\"2460\",\"end\":\"2461\",\"display\":false},{\"colour\":\"#00ffff\",\"type\":\"disorder\",\"metadata\":{\"database\":\"IUPred\",\"type\":\"disorder\",\"start\":\"2465\",\"end\":\"2466\"},\"start\":\"2465\",\"end\":\"2466\",\"display\":false},{\"colour\":\"#00ffff\",\"type\":\"disorder\",\"metadata\":{\"database\":\"IUPred\",\"type\":\"disorder\",\"start\":\"2491\",\"end\":\"2492\"},\"start\":\"2491\",\"end\":\"2492\",\"display\":false},{\"colour\":\"#00ffff\",\"type\":\"disorder\",\"metadata\":{\"database\":\"IUPred\",\"type\":\"disorder\",\"start\":\"2494\",\"end\":\"2499\"},\"start\":\"2494\",\"end\":\"2499\",\"display\":false},{\"colour\":\"#00ffff\",\"type\":\"disorder\",\"metadata\":{\"database\":\"IUPred\",\"type\":\"disorder\",\"start\":\"2852\",\"end\":\"2854\"},\"start\":\"2852\",\"end\":\"2854\",\"display\":false},{\"colour\":\"#cccccc\",\"type\":\"disorder\",\"metadata\":{\"database\":\"IUPred\",\"type\":\"disorder\",\"start\":\"2876\",\"end\":\"2886\"},\"start\":2880,\"end\":\"2886\",\"display\":true},{\"colour\":\"#cccccc\",\"type\":\"disorder\",\"metadata\":{\"database\":\"IUPred\",\"type\":\"disorder\",\"start\":\"2932\",\"end\":\"2934\"},\"start\":\"2932\",\"end\":\"2934\",\"display\":true},{\"colour\":\"#cccccc\",\"type\":\"disorder\",\"metadata\":{\"database\":\"IUPred\",\"type\":\"disorder\",\"start\":\"2947\",\"end\":\"2950\"},\"start\":\"2947\",\"end\":\"2950\",\"display\":true},{\"colour\":\"#cccccc\",\"type\":\"disorder\",\"metadata\":{\"database\":\"IUPred\",\"type\":\"disorder\",\"start\":\"3202\",\"end\":\"3203\"},\"start\":\"3202\",\"end\":\"3203\",\"display\":true},{\"colour\":\"#cccccc\",\"type\":\"disorder\",\"metadata\":{\"database\":\"IUPred\",\"type\":\"disorder\",\"start\":\"3245\",\"end\":\"3247\"},\"start\":\"3245\",\"end\":\"3247\",\"display\":true},{\"colour\":\"#cccccc\",\"type\":\"disorder\",\"metadata\":{\"database\":\"IUPred\",\"type\":\"disorder\",\"start\":\"3250\",\"end\":\"3253\"},\"start\":\"3250\",\"end\":\"3253\",\"display\":true},{\"colour\":\"#cccccc\",\"type\":\"disorder\",\"metadata\":{\"database\":\"IUPred\",\"type\":\"disorder\",\"start\":\"3257\",\"end\":\"3259\"},\"start\":\"3257\",\"end\":\"3259\",\"display\":true},{\"colour\":\"#cccccc\",\"type\":\"disorder\",\"metadata\":{\"database\":\"IUPred\",\"type\":\"disorder\",\"start\":\"3300\",\"end\":\"3301\"},\"start\":\"3300\",\"end\":\"3301\",\"display\":true},{\"colour\":\"#cccccc\",\"type\":\"disorder\",\"metadata\":{\"database\":\"IUPred\",\"type\":\"disorder\",\"start\":\"3309\",\"end\":\"3313\"},\"start\":\"3309\",\"end\":\"3313\",\"display\":true},{\"colour\":\"#cccccc\",\"type\":\"disorder\",\"metadata\":{\"database\":\"IUPred\",\"type\":\"disorder\",\"start\":\"3315\",\"end\":\"3316\"},\"start\":\"3315\",\"end\":\"3316\",\"display\":true},{\"colour\":\"#cccccc\",\"type\":\"disorder\",\"metadata\":{\"database\":\"IUPred\",\"type\":\"disorder\",\"start\":\"3319\",\"end\":\"3321\"},\"start\":\"3319\",\"end\":\"3321\",\"display\":true},{\"colour\":\"#cccccc\",\"type\":\"disorder\",\"metadata\":{\"database\":\"IUPred\",\"type\":\"disorder\",\"start\":\"3363\",\"end\":\"3368\"},\"start\":\"3363\",\"end\":\"3368\",\"display\":true},{\"colour\":\"#cccccc\",\"type\":\"disorder\",\"metadata\":{\"database\":\"IUPred\",\"type\":\"disorder\",\"start\":\"3373\",\"end\":\"3374\"},\"start\":\"3373\",\"end\":\"3374\",\"display\":true},{\"colour\":\"#cccccc\",\"type\":\"disorder\",\"metadata\":{\"database\":\"IUPred\",\"type\":\"disorder\",\"start\":\"3376\",\"end\":\"3378\"},\"start\":\"3376\",\"end\":\"3378\",\"display\":true},{\"colour\":\"#cccccc\",\"type\":\"disorder\",\"metadata\":{\"database\":\"IUPred\",\"type\":\"disorder\",\"start\":\"3391\",\"end\":\"3408\"},\"start\":\"3391\",\"end\":\"3408\",\"display\":true},{\"colour\":\"#32cd32\",\"type\":\"coiled_coil\",\"metadata\":{\"database\":\"ncoils\",\"type\":\"coiled_coil\",\"start\":\"2855\",\"end\":\"2879\"},\"start\":2873,\"end\":\"2879\",\"display\":true},{\"colour\":\"#00ffff\",\"type\":\"coiled_coil\",\"metadata\":{\"database\":\"ncoils\",\"type\":\"coiled_coil\",\"start\":\"3159\",\"end\":\"3179\"},\"start\":\"3159\",\"end\":\"3179\",\"display\":false},{\"colour\":\"#86bcff\",\"type\":\"low_complexity\",\"metadata\":{\"database\":\"seg\",\"score\":\"2.2900\",\"type\":\"low_complexity\",\"start\":\"193\",\"end\":\"207\"},\"start\":\"193\",\"end\":\"207\",\"display\":true},{\"colour\":\"#86bcff\",\"type\":\"low_complexity\",\"metadata\":{\"database\":\"seg\",\"score\":\"1.8800\",\"type\":\"low_complexity\",\"start\":\"1741\",\"end\":\"1753\"},\"start\":\"1741\",\"end\":\"1753\",\"display\":true},{\"colour\":\"#00ffff\",\"type\":\"low_complexity\",\"metadata\":{\"database\":\"seg\",\"score\":\"2.1200\",\"type\":\"low_complexity\",\"start\":\"2052\",\"end\":\"2063\"},\"start\":\"2052\",\"end\":\"2063\",\"display\":false},{\"colour\":\"#86bcff\",\"type\":\"low_complexity\",\"metadata\":{\"database\":\"seg\",\"score\":\"2.6800\",\"type\":\"low_complexity\",\"start\":\"2792\",\"end\":\"2813\"},\"start\":2801,\"end\":\"2813\",\"display\":true},{\"colour\":\"#00ffff\",\"type\":\"low_complexity\",\"metadata\":{\"database\":\"seg\",\"score\":\"2.5000\",\"type\":\"low_complexity\",\"start\":\"2844\",\"end\":\"2860\"},\"start\":\"2844\",\"end\":\"2860\",\"display\":false},{\"colour\":\"#00ffff\",\"type\":\"low_complexity\",\"metadata\":{\"database\":\"seg\",\"score\":\"1.0600\",\"type\":\"low_complexity\",\"start\":\"2871\",\"end\":\"2878\"},\"start\":2873,\"end\":\"2878\",\"display\":false},{\"colour\":\"#86bcff\",\"type\":\"low_complexity\",\"metadata\":{\"database\":\"seg\",\"score\":\"2.0500\",\"type\":\"low_complexity\",\"start\":\"3274\",\"end\":\"3285\"},\"start\":\"3274\",\"end\":\"3285\",\"display\":true},{\"colour\":[\"#7fb1ff\",\"#ff7fb2\",\"#b2ff7f\"],\"href\":\"/pfamb/PB008258\",\"type\":\"pfamb\",\"metadata\":{\"database\":\"pfam\",\"identifier\":\"Pfam-B_8258\",\"type\":\"Pfam-B\",\"start\":\"651\",\"end\":\"989\",\"accession\":\"PB008258\"},\"start\":\"651\",\"end\":\"989\",\"display\":true},{\"colour\":[\"#bd7fff\",\"#ffbd7f\",\"#7fffbd\"],\"href\":\"/pfamb/PB047717\",\"type\":\"pfamb\",\"metadata\":{\"database\":\"pfam\",\"identifier\":\"Pfam-B_47717\",\"type\":\"Pfam-B\",\"start\":\"2449\",\"end\":\"2478\",\"accession\":\"PB047717\"},\"start\":\"2449\",\"end\":\"2478\",\"display\":true},{\"colour\":[\"#ff7fcf\",\"#d0ff7f\",\"#7fd0ff\"],\"href\":\"/pfamb/PB013057\",\"type\":\"pfamb\",\"metadata\":{\"database\":\"pfam\",\"identifier\":\"Pfam-B_13057\",\"type\":\"Pfam-B\",\"start\":\"2141\",\"end\":\"2448\",\"accession\":\"PB013057\"},\"start\":\"2141\",\"end\":\"2448\",\"display\":true}]}]');
INSERT INTO "pfam_graphics" ("UNIPROT_ACC","JSON_DATA") VALUES ('P01112','[{\"length\":\"189\",\"regions\":[{\"modelStart\":\"1\",\"modelEnd\":\"161\",\"colour\":\"#2dcf00\",\"endStyle\":\"jagged\",\"end\":\"165\",\"display\":true,\"startStyle\":\"curved\",\"aliEnd\":\"164\",\"modelLength\":\"162\",\"text\":\"Ras\",\"href\":\"/family/PF00071\",\"type\":\"pfama\",\"metadata\":{\"scoreName\":\"e-value\",\"score\":\"3.2e-55\",\"description\":\"Ras family\",\"end\":\"165\",\"accession\":\"PF00071\",\"database\":\"pfam\",\"aliEnd\":\"164\",\"identifier\":\"Ras\",\"type\":\"Domain\",\"aliStart\":\"5\",\"start\":\"5\"},\"aliStart\":\"5\",\"start\":5}],\"markups\":[],\"metadata\":{\"database\":\"uniprot\",\"identifier\":\"RASH_HUMAN\",\"description\":\"GTPase HRas\",\"organism\":\"Homo sapiens (Human)\",\"accession\":\"P01112\",\"taxid\":\"9606\"},\"motifs\":[{\"colour\":\"#cccccc\",\"type\":\"disorder\",\"metadata\":{\"database\":\"IUPred\",\"type\":\"disorder\",\"start\":\"168\",\"end\":\"172\"},\"start\":\"168\",\"end\":\"172\",\"display\":true},{\"colour\":\"#00ffff\",\"type\":\"low_complexity\",\"metadata\":{\"database\":\"seg\",\"score\":\"1.3900\",\"type\":\"low_complexity\",\"start\":\"7\",\"end\":\"15\"},\"start\":7,\"end\":15,\"display\":false}]}]');
INSERT INTO "pfam_graphics" ("UNIPROT_ACC","JSON_DATA") VALUES ('P01116','[{\"length\":\"189\",\"regions\":[{\"modelStart\":\"1\",\"modelEnd\":\"161\",\"colour\":\"#2dcf00\",\"endStyle\":\"jagged\",\"end\":\"165\",\"display\":true,\"startStyle\":\"curved\",\"aliEnd\":\"164\",\"modelLength\":\"162\",\"text\":\"Ras\",\"href\":\"/family/PF00071\",\"type\":\"pfama\",\"metadata\":{\"scoreName\":\"e-value\",\"score\":\"4.2e-55\",\"description\":\"Ras family\",\"end\":\"165\",\"accession\":\"PF00071\",\"database\":\"pfam\",\"aliEnd\":\"164\",\"identifier\":\"Ras\",\"type\":\"Domain\",\"aliStart\":\"5\",\"start\":\"5\"},\"aliStart\":\"5\",\"start\":5}],\"markups\":[],\"metadata\":{\"database\":\"uniprot\",\"identifier\":\"RASK_HUMAN\",\"description\":\"GTPase KRas\",\"organism\":\"Homo sapiens (Human)\",\"accession\":\"P01116\",\"taxid\":\"9606\"},\"motifs\":[{\"colour\":\"#00ffff\",\"type\":\"low_complexity\",\"metadata\":{\"database\":\"seg\",\"score\":\"1.3900\",\"type\":\"low_complexity\",\"start\":\"7\",\"end\":\"15\"},\"start\":7,\"end\":15,\"display\":false}]}]');
INSERT INTO "pfam_graphics" ("UNIPROT_ACC","JSON_DATA") VALUES ('P01111','[{\"length\":\"189\",\"regions\":[{\"modelStart\":\"1\",\"modelEnd\":\"161\",\"colour\":\"#2dcf00\",\"endStyle\":\"jagged\",\"end\":\"165\",\"display\":true,\"startStyle\":\"curved\",\"aliEnd\":\"164\",\"modelLength\":\"162\",\"text\":\"Ras\",\"href\":\"/family/PF00071\",\"type\":\"pfama\",\"metadata\":{\"scoreName\":\"e-value\",\"score\":\"2.7e-54\",\"description\":\"Ras family\",\"end\":\"165\",\"accession\":\"PF00071\",\"database\":\"pfam\",\"aliEnd\":\"164\",\"identifier\":\"Ras\",\"type\":\"Domain\",\"aliStart\":\"5\",\"start\":\"5\"},\"aliStart\":\"5\",\"start\":5}],\"markups\":[],\"metadata\":{\"database\":\"uniprot\",\"identifier\":\"RASN_HUMAN\",\"description\":\"GTPase NRas\",\"organism\":\"Homo sapiens (Human)\",\"accession\":\"P01111\",\"taxid\":\"9606\"},\"motifs\":[{\"colour\":\"#00ffff\",\"type\":\"low_complexity\",\"metadata\":{\"database\":\"seg\",\"score\":\"1.3900\",\"type\":\"low_complexity\",\"start\":\"7\",\"end\":\"15\"},\"start\":7,\"end\":15,\"display\":false}]}]');
INSERT INTO "pfam_graphics" ("UNIPROT_ACC","JSON_DATA") VALUES ('Q9Y243','[{\"length\":\"479\",\"regions\":[{\"modelStart\":\"1\",\"modelEnd\":\"102\",\"colour\":\"#2dcf00\",\"endStyle\":\"jagged\",\"end\":107,\"display\":true,\"startStyle\":\"curved\",\"aliEnd\":\"105\",\"modelLength\":\"104\",\"text\":\"PH\",\"href\":\"/family/PF00169\",\"type\":\"pfama\",\"metadata\":{\"scoreName\":\"e-value\",\"score\":\"3.7e-08\",\"description\":\"PH domain\",\"end\":\"107\",\"accession\":\"PF00169\",\"database\":\"pfam\",\"aliEnd\":\"105\",\"identifier\":\"PH\",\"type\":\"Domain\",\"aliStart\":\"6\",\"start\":\"6\"},\"aliStart\":\"6\",\"start\":6},{\"modelStart\":\"3\",\"modelEnd\":\"260\",\"colour\":\"#ff5353\",\"endStyle\":\"curved\",\"end\":\"405\",\"display\":true,\"startStyle\":\"jagged\",\"aliEnd\":\"405\",\"modelLength\":\"260\",\"text\":\"Pkinase\",\"href\":\"/family/PF00069\",\"type\":\"pfama\",\"metadata\":{\"scoreName\":\"e-value\",\"score\":\"3.5e-72\",\"description\":\"Protein kinase domain\",\"end\":\"405\",\"accession\":\"PF00069\",\"database\":\"pfam\",\"aliEnd\":\"405\",\"identifier\":\"Pkinase\",\"type\":\"Domain\",\"aliStart\":\"150\",\"start\":\"148\"},\"aliStart\":\"150\",\"start\":\"148\"},{\"modelStart\":\"1\",\"modelEnd\":\"45\",\"colour\":\"#5b5bff\",\"endStyle\":\"jagged\",\"end\":\"476\",\"display\":true,\"startStyle\":\"curved\",\"aliEnd\":\"474\",\"modelLength\":\"48\",\"text\":\"Pkinase_C\",\"href\":\"/family/PF00433\",\"type\":\"pfama\",\"metadata\":{\"scoreName\":\"e-value\",\"score\":\"0.0012\",\"description\":\"Protein kinase C terminal domain\",\"end\":\"476\",\"accession\":\"PF00433\",\"database\":\"pfam\",\"aliEnd\":\"474\",\"identifier\":\"Pkinase_C\",\"type\":\"Family\",\"aliStart\":\"425\",\"start\":\"425\"},\"aliStart\":\"425\",\"start\":\"425\"}],\"markups\":[{\"lineColour\":\"#ff0000\",\"colour\":\"#aaaaaa\",\"end\":76,\"display\":true,\"v_align\":\"top\",\"metadata\":{\"database\":\"UniProt\",\"type\":\"disulphide\",\"start\":\"59\",\"end\":\"76\"},\"type\":\"disulphide\",\"start\":59},{\"lineColour\":\"#ff0000\",\"colour\":\"#aaaaaa\",\"end\":\"307\",\"display\":true,\"v_align\":\"top\",\"metadata\":{\"database\":\"UniProt\",\"type\":\"disulphide\",\"start\":\"293\",\"end\":\"307\"},\"type\":\"disulphide\",\"start\":\"293\"}],\"metadata\":{\"database\":\"uniprot\",\"identifier\":\"AKT3_HUMAN\",\"description\":\"RAC-gamma serine/threonine-protein kinase EC=2.7.11.1\",\"organism\":\"Homo sapiens (Human)\",\"accession\":\"Q9Y243\",\"taxid\":\"9606\"},\"motifs\":[{\"colour\":\"#00ffff\",\"type\":\"disorder\",\"metadata\":{\"database\":\"IUPred\",\"type\":\"disorder\",\"start\":\"100\",\"end\":\"104\"},\"start\":100,\"end\":104,\"display\":false},{\"colour\":\"#cccccc\",\"type\":\"disorder\",\"metadata\":{\"database\":\"IUPred\",\"type\":\"disorder\",\"start\":\"112\",\"end\":\"139\"},\"start\":116,\"end\":\"139\",\"display\":true},{\"colour\":\"#00ffff\",\"type\":\"disorder\",\"metadata\":{\"database\":\"IUPred\",\"type\":\"disorder\",\"start\":\"392\",\"end\":\"393\"},\"start\":\"392\",\"end\":\"393\",\"display\":false},{\"colour\":\"#00ffff\",\"type\":\"disorder\",\"metadata\":{\"database\":\"IUPred\",\"type\":\"disorder\",\"start\":\"438\",\"end\":\"439\"},\"start\":\"438\",\"end\":\"439\",\"display\":false},{\"colour\":\"#00ffff\",\"type\":\"disorder\",\"metadata\":{\"database\":\"IUPred\",\"type\":\"disorder\",\"start\":\"445\",\"end\":\"448\"},\"start\":\"445\",\"end\":\"448\",\"display\":false},{\"colour\":\"#00ffff\",\"type\":\"disorder\",\"metadata\":{\"database\":\"IUPred\",\"type\":\"disorder\",\"start\":\"450\",\"end\":\"461\"},\"start\":\"450\",\"end\":\"461\",\"display\":false},{\"colour\":\"#00ffff\",\"type\":\"disorder\",\"metadata\":{\"database\":\"IUPred\",\"type\":\"disorder\",\"start\":\"463\",\"end\":\"476\"},\"start\":\"463\",\"end\":\"476\",\"display\":false},{\"colour\":\"#32cd32\",\"type\":\"coiled_coil\",\"metadata\":{\"database\":\"ncoils\",\"type\":\"coiled_coil\",\"start\":\"95\",\"end\":\"115\"},\"start\":108,\"end\":115,\"display\":true}]}]');

-- users
INSERT INTO users (EMAIL, NAME, ENABLED) values ('jami@gmail.com', 'Jami Bax', 1);
INSERT INTO users (EMAIL, NAME, ENABLED) values ('Lonnie@openid.org', 'Lonnie Penaloza', 0);
INSERT INTO users (EMAIL, NAME, ENABLED) values ('Dhorak@yahoo.com', 'Darryl Horak', 1);

-- authorities
INSERT INTO authorities (EMAIL, AUTHORITY) values ('jami@gmail.com', 'ROLE_USER');
INSERT INTO authorities (EMAIL, AUTHORITY) values ('Lonnie@openid.org', 'ROLE_USER');
INSERT INTO authorities (EMAIL, AUTHORITY) values ('Dhorak@yahoo.com', 'ROLE_USER');
INSERT INTO authorities (EMAIL, AUTHORITY) values ('Dhorak@yahoo.com', 'ROLE_MANAGER');
